date,open,high,low,close,volume,symbol,source,download_timestamp_market,asset,adractcnt,feetotntv,txcnt,download_timestamp_onchain,sma_20,ema_20,rsi_14,macd,macd_signal,bb_upper,bb_lower,bb_width
2024-08-17,58888.99,59711.02,58803.45,59497.49,2787.56355634,BTC,alpha_vantage,2025-06-29 17:05:03.299936,btc,612305,7.26972032,706066,2025-06-29 17:05:04.117435,60254.803499999995,60403.00703126228,45.62296843735704,-1471.2437279710575,-1648.75216786572,67018.98821223629,53490.6187877637,13528.369424472592
2024-08-18,59497.49,60284.99,58422.0,58437.9,4325.64817169,BTC,alpha_vantage,2025-06-29 17:05:03.299936,btc,588717,7.38767581,758170,2025-06-29 17:05:04.117435,59838.126000000004,60215.853980665874,43.087996756375325,-1448.2941148013706,-1608.6605572528501,65939.48696372738,53736.76503627263,12202.721927454753
2024-08-19,58436.2,59639.81,57820.0,59452.67,8539.29378706,BTC,alpha_vantage,2025-06-29 17:05:03.299936,btc,687027,9.13703766,560243,2025-06-29 17:05:04.117435,59502.2755,60143.169792031025,46.17265452625247,-1332.8585590154107,-1553.5001576053623,64867.66676540641,54136.8842345936,10730.782530812809
2024-08-20,59455.81,61457.03,58571.96,59017.59,11062.05279919,BTC,alpha_vantage,2025-06-29 17:05:03.299936,btc,696903,9.64437192,715687,2025-06-29 17:05:04.117435,59222.674,60035.9717165995,45.045355029426695,-1261.9355616444736,-1495.1872384131848,64050.168782403845,54395.17921759615,9654.989564807693
2024-08-21,59017.59,61849.98,58793.89,61163.28,13380.11101719,BTC,alpha_vantage,2025-06-29 17:05:03.299936,btc,711700,8.53354842,684872,2025-06-29 17:05:04.117435,59016.429000000004,60143.33441025669,51.35333213364066,-1020.8219248251407,-1400.314175695576,63082.099374769256,54950.75862523075,8131.340749538504
2024-08-22,61167.54,61430.48,59750.0,60383.29,9608.6955368,BTC,alpha_vantage,2025-06-29 17:05:03.299936,btc,719227,100.34522908,797502,2025-06-29 17:05:04.117435,58964.69049999999,60166.18732356558,49.144964037225265,-882.5033555242408,-1296.752011661309,62931.93937212528,54997.4416278747,7934.497744250577
2024-08-23,60383.28,64987.0,60343.2,64086.72,17852.77117167,BTC,alpha_vantage,2025-06-29 17:05:03.299936,btc,694990,9.65522128,799006,2025-06-29 17:05:04.117435,59135.27999999999,60539.571387987904,58.31173612636465,-468.6467743850735,-1131.1309642060621,63639.135449905145,54631.42455009484,9007.710899810307
2024-08-24,64091.63,64529.78,63564.22,64179.63,5020.91676004,BTC,alpha_vantage,2025-06-29 17:05:03.299936,btc,611271,7.43903817,797698,2025-06-29 17:05:04.117435,59437.714,60886.24363675096,58.51377243101307,-131.6478373172431,-931.2343388282984,64418.296922804955,54457.131077195045,9961.16584560991
2024-08-25,64179.63,65050.08,63793.74,64251.93,4012.30764642,BTC,alpha_vantage,2025-06-29 17:05:03.299936,btc,539499,7.10675825,703385,2025-06-29 17:05:04.117435,59948.854499999994,61206.78519515563,58.68158318947571,139.6504505543271,-717.0573809517733,64697.107350843056,55200.60164915693,9496.505701686125
2024-08-26,64250.01,64509.36,62806.8,62840.0,10741.96651081,BTC,alpha_vantage,2025-06-29 17:05:03.299936,btc,656542,8.41735831,606871,2025-06-29 17:05:04.117435,60288.4505,61362.32946228366,54.08092939203236,237.98203848157573,-526.0494970651035,64839.6195237937,55737.2814762063,9102.3380475874
2024-08-27,62840.09,63226.26,58025.49,59439.64,14195.89496578,BTC,alpha_vantage,2025-06-29 17:05:03.299936,btc,685194,7.7773379,676465,2025-06-29 17:05:04.117435,60503.027500000004,61179.216180161406,44.942503256046734,41.056621176925546,-412.62827341669777,64425.835362722224,56580.21963727778,7845.615725444441
2024-08-28,59437.68,60236.98,57851.62,59045.88,10001.12169866,BTC,alpha_vantage,2025-06-29 17:05:03.299936,btc,740845,7.74423375,721912,2025-06-29 17:05:04.117435,60370.042499999996,60976.04130586032,44.01499183500702,-145.10861028599174,-359.1243407905566,64301.08698604124,56438.99801395875,7862.088972082493
2024-08-29,59047.94,61194.09,58729.39,59364.47,10933.22040343,BTC,alpha_vantage,2025-06-29 17:05:03.299936,btc,723280,8.19689202,525910,2025-06-29 17:05:04.117435,60295.159499999994,60822.55832434982,45.00395181672058,-263.89631459129305,-340.07873555070387,64242.87859911271,56347.44040088728,7895.438198225427
2024-08-30,59353.12,59929.63,57700.0,59112.77,9382.9124508,BTC,alpha_vantage,2025-06-29 17:05:03.299936,btc,826297,7.9546598,548197,2025-06-29 17:05:04.117435,60204.047,60659.72134107841,44.33758287888969,-374.034871359363,-346.8699627124357,64172.54858484588,56235.54541515412,7937.003169691758
2024-08-31,59117.59,59446.99,58739.31,58968.37,1368.21775121,BTC,alpha_vantage,2025-06-29 17:05:03.299936,btc,670825,6.4177164,695519,2025-06-29 17:05:04.117435,60216.341,60498.640260975706,43.93565341453757,-467.5823460766842,-371.01243938528546,64167.89481590537,56264.78718409463,7903.107631810737
2024-09-01,58968.37,59070.55,57200.0,57299.0,4411.05388122,BTC,alpha_vantage,2025-06-29 17:05:03.299936,btc,660770,6.3825282,656333,2025-06-29 17:05:04.117435,60113.352,60193.912617073256,39.479873991294426,-668.7150701876744,-430.5529655457633,64251.88364199868,55974.82035800132,8277.063283997355
2024-09-02,57291.21,59423.0,57119.01,59139.83,4318.6544603,BTC,alpha_vantage,2025-06-29 17:05:03.299936,btc,717673,7.69021658,739986,2025-06-29 17:05:04.117435,60040.183999999994,60093.52379639961,45.98514736363866,-671.8301666257685,-478.80840576176433,64193.205874560284,55887.1621254397,8306.043749120581
2024-09-03,59138.89,59825.7,57394.49,57468.84,8264.44971184,BTC,alpha_vantage,2025-06-29 17:05:03.299936,btc,699302,8.42822766,592324,2025-06-29 17:05:04.117435,59979.094999999994,59843.55391102822,41.61259172452264,-799.9129325915055,-543.0293111277126,64244.15779228574,55714.03220771425,8530.125584571491
2024-09-04,57460.5,58531.25,55555.0,57971.0,13715.96171494,BTC,alpha_vantage,2025-06-29 17:05:03.299936,btc,699461,7.74885958,728756,2025-06-29 17:05:04.117435,60000.4645,59665.215443311245,43.355709966309554,-851.0885135322824,-604.6411516086266,64220.54810921668,55780.38089078332,8440.167218433358
2024-09-05,57971.0,58326.12,55628.04,56156.82,12281.57828747,BTC,alpha_vantage,2025-06-29 17:05:03.299936,btc,734546,10.81990512,714387,2025-06-29 17:05:04.117435,59863.85600000001,59331.082543948265,38.84387560878494,-1026.205239186369,-688.9539691241752,64385.15046456834,55342.561535431676,9042.588929136662
2024-09-06,56156.82,56995.0,52530.0,53950.01,18495.45064356,BTC,alpha_vantage,2025-06-29 17:05:03.299936,btc,726287,7.59197643,665444,2025-06-29 17:05:04.117435,59586.482,58818.59944452462,34.18376721144928,-1327.7521297793282,-816.7136012552058,64792.46205998719,54380.501940012815,10411.960119974377
2024-09-07,53950.0,54847.0,53733.1,54156.33,3284.57722628,BTC,alpha_vantage,2025-06-29 17:05:03.299936,btc,606660,6.46683071,794571,2025-06-29 17:05:04.117435,59372.40349999999,58374.57378314132,34.969279706513916,-1532.4171622407084,-959.8543134523064,65077.87210431385,53666.934895686136,11410.937208627714
2024-09-08,54159.6,55315.95,53623.95,54881.11,3684.86816392,BTC,alpha_vantage,2025-06-29 17:05:03.299936,btc,596940,6.33151484,906655,2025-06-29 17:05:04.117435,59143.8255,58041.86294665167,37.77865047059979,-1617.4866074769452,-1091.3807722572342,65175.11353033806,53112.53746966194,12062.576060676118
2024-09-09,54881.1,58119.97,54565.56,57053.9,10203.03329517,BTC,alpha_vantage,2025-06-29 17:05:03.299936,btc,736827,6.91182253,570838,2025-06-29 17:05:04.117435,59045.64099999999,57947.77123744675,45.394573317065394,-1492.375584713569,-1171.579734748501,65145.49715892342,52945.78484107656,12199.712317846861
2024-09-10,57047.82,58050.35,56377.76,57645.59,6433.21371111,BTC,alpha_vantage,2025-06-29 17:05:03.299936,btc,733172,7.09570672,556413,2025-06-29 17:05:04.117435,58869.7565,57918.992071975634,47.28675998968054,-1330.1466570817138,-1203.2931192151436,64917.86804856217,52821.64495143783,12096.22309712434
2024-09-11,57641.15,58014.35,55534.41,57352.79,11678.94297124,BTC,alpha_vantage,2025-06-29 17:05:03.299936,btc,662704,6.59198231,408991,2025-06-29 17:05:04.117435,58718.23150000001,57865.06806512081,46.42936208604089,-1211.2431193977027,-1204.8831192516554,64758.91811185557,52677.544888144446,12081.373223711125
2024-09-12,57352.92,58600.0,57311.15,58137.54,10175.62390483,BTC,alpha_vantage,2025-06-29 17:05:03.299936,btc,775748,8.30613518,561823,2025-06-29 17:05:04.117435,58420.77250000001,57891.01777320454,49.09352524372313,-1041.680597059545,-1172.2426148132336,63937.952403232724,52903.59259676729,11034.359806465436
2024-09-13,58137.33,60670.0,57630.01,60543.35,11935.95544754,BTC,alpha_vantage,2025-06-29 17:05:03.299936,btc,794367,7.52913494,422965,2025-06-29 17:05:04.117435,58238.95849999999,58143.62084242316,56.27308086453053,-705.0449958309619,-1078.8030910167793,63196.29930630845,53281.617693691536,9914.681612616914
2024-09-14,60543.35,60660.0,59436.8,60012.35,3147.39019631,BTC,alpha_vantage,2025-06-29 17:05:03.299936,btc,688474,6.77228776,637192,2025-06-29 17:05:04.117435,58026.9795,58321.59504790667,54.44782824079493,-475.6234279643468,-958.1671584062929,62245.190698436956,53808.76830156305,8436.42239687391
2024-09-15,60012.34,60402.34,58695.75,59122.33,3975.3568185,BTC,alpha_vantage,2025-06-29 17:05:03.299936,btc,643849,6.03449901,730022,2025-06-29 17:05:04.117435,57841.096000000005,58397.855519534605,51.43633277068077,-361.45572176726273,-838.8248710784869,61482.80168404641,54199.3903159536,7283.411368092813
2024-09-16,59122.7,59214.15,57477.0,58208.75,7654.10991835,BTC,alpha_vantage,2025-06-29 17:05:03.299936,btc,746172,6.69885955,486773,2025-06-29 17:05:04.117435,57779.5515,58379.84547005512,48.47266156767922,-340.7671118206272,-739.213319226915,61352.06247913651,54207.04052086349,7145.021958273021
2024-09-17,58209.76,61373.41,57620.27,60312.6,11701.89074715,BTC,alpha_vantage,2025-06-29 17:05:03.299936,btc,732953,8.05436086,551806,2025-06-29 17:05:04.117435,57842.8875,58563.91733004987,54.91501860569995,-152.84621101547964,-621.9398975846279,61545.49985712772,54140.27514287228,7405.224714255441
2024-09-18,60317.38,61800.0,59174.5,61769.18,11471.50683029,BTC,alpha_vantage,2025-06-29 17:05:03.299936,btc,720313,7.11434967,535050,2025-06-29 17:05:04.117435,57963.123,58869.1804414737,58.75947969026612,112.32151709129539,-475.0876146494433,61996.933092649866,53929.31290735013,8067.620185299733
2024-09-19,61770.38,63891.82,61569.16,62960.14,15075.86835522,BTC,alpha_vantage,2025-06-29 17:05:03.299936,btc,746741,10.00384875,449403,2025-06-29 17:05:04.117435,58155.491500000004,59258.79563752382,61.639745508073716,413.79934945880814,-297.31022182779304,62722.032799400564,53588.95020059944,9133.08259880112
2024-09-20,62956.04,64140.67,62340.0,63210.69,10636.1082809,BTC,alpha_vantage,2025-06-29 17:05:03.299936,btc,822445,9.57190122,524801,2025-06-29 17:05:04.117435,58367.6075,59635.16652918822,62.2372673205418,665.2711628583274,-104.79394489056895,63432.40549528421,53302.809504715784,10129.595990568429
2024-09-21,63210.94,63575.63,62755.0,63362.74,1960.85712028,BTC,alpha_vantage,2025-06-29 17:05:03.299936,btc,665209,5.89529395,564640,2025-06-29 17:05:04.117435,58670.794499999996,59990.17352640838,62.61781898079775,866.8411458595656,89.53307325945796,64152.25184689772,53189.33715310227,10962.91469379545
2024-09-22,63362.74,64000.0,62380.55,63577.66,2882.2341982,BTC,alpha_vantage,2025-06-29 17:05:03.299936,btc,595289,5.26931683,629903,2025-06-29 17:05:04.117435,58892.68600000001,60331.83890484568,63.18259784907926,1032.0324300245265,278.0329446124717,64776.638603627616,53008.7333963724,11767.905207255215
2024-09-23,63580.39,64739.67,62566.28,63338.87,7014.74459935,BTC,alpha_vantage,2025-06-29 17:05:03.299936,btc,796781,7.83739591,573531,2025-06-29 17:05:04.117435,59186.1875,60618.2228186699,62.06069709702565,1130.6459725466557,448.5555501993085,65336.35568190813,53036.01931809187,12300.336363816255
2024-09-24,63338.85,64700.0,62689.15,64272.93,8933.46473574,BTC,alpha_vantage,2025-06-29 17:05:03.299936,btc,749184,6.91630544,531570,2025-06-29 17:05:04.117435,59501.284,60966.29016927277,64.70105052220984,1269.5343494794142,612.7513100553297,66005.67322334266,52996.89477665734,13008.778446685319
2024-09-25,64272.93,64811.0,62932.8,63130.89,5909.09510453,BTC,alpha_vantage,2025-06-29 17:05:03.299936,btc,713234,6.62531601,504605,2025-06-29 17:05:04.117435,59849.9875,61172.44253410393,59.26982787192688,1272.7794955152858,744.756947147321,66347.55802279351,53352.416977206485,12995.141045587028
2024-09-26,63131.13,65865.0,62652.99,65177.21,12789.85035505,BTC,alpha_vantage,2025-06-29 17:05:03.299936,btc,721855,8.76025312,483781,2025-06-29 17:05:04.117435,60411.347499999996,61553.84895942736,64.94763366386482,1424.0565814919319,880.6168740162432,66709.90570907255,54112.78929092744,12597.116418145117
2024-09-27,65176.39,66550.0,64827.85,65789.0,9529.0168808,BTC,alpha_vantage,2025-06-29 17:05:03.299936,btc,751618,10.96442965,434448,2025-06-29 17:05:04.117435,60992.98100000001,61957.196677577136,66.45329622041072,1575.1537106019387,1019.5242413333823,67016.05545553153,54969.90654446848,12046.14891106305
2024-09-28,65787.53,66266.39,65400.0,65858.99,2755.22680581,BTC,alpha_vantage,2025-06-29 17:05:03.299936,btc,649697,9.9366052,521838,2025-06-29 17:05:04.117435,61541.875,62328.79604161741,66.62989438780886,1681.167430439098,1151.8528791545255,67228.42955415849,55855.32044584152,11373.109108316967
2024-09-29,65857.33,66059.0,65433.29,65600.01,2721.35197741,BTC,alpha_vantage,2025-06-29 17:05:03.299936,btc,680061,7.51745261,685081,2025-06-29 17:05:04.117435,61969.1805,62640.34022813004,65.26089183041547,1724.4086362324451,1266.3640305701094,67525.42480273,56412.93619727,11112.488605460007
2024-09-30,65600.01,65624.95,62833.95,63301.25,10629.74147917,BTC,alpha_vantage,2025-06-29 17:05:03.299936,btc,732082,7.39176461,593815,2025-06-29 17:05:04.117435,62251.9635,62703.28401592718,54.54760134528079,1555.2588272530702,1324.1429899067016,67464.27399722593,57039.65300277406,10424.62099445187
2024-10-01,63305.52,64106.75,60150.89,60790.0,15970.80295516,BTC,alpha_vantage,2025-06-29 17:05:03.299936,btc,863700,7.89629034,624352,2025-06-29 17:05:04.117435,62423.824,62521.06649060078,45.71805102518964,1204.6826654914184,1300.250925023645,67185.87438319596,57661.77361680404,9524.100766391915
2024-10-02,60792.63,62380.34,59969.2,60631.37,8764.03050337,BTC,alpha_vantage,2025-06-29 17:05:03.299936,btc,711643,6.8074531,599545,2025-06-29 17:05:04.117435,62548.515499999994,62341.09539625785,45.22011375226645,903.6319100885084,1220.927122036618,66973.79109979034,58123.23990020965,8850.551199580688
2024-10-03,60631.36,61474.92,59824.87,60744.99,7834.55718072,BTC,alpha_vantage,2025-06-29 17:05:03.299936,btc,737116,7.60769711,574536,2025-06-29 17:05:04.117435,62558.597499999996,62189.085358519005,45.676496109207896,666.531837791772,1110.0480651876487,66966.43831570055,58150.756684299435,8815.681631401116
2024-10-04,60745.0,62481.0,60454.5,62090.71,7884.21831808,BTC,alpha_vantage,2025-06-29 17:05:03.299936,btc,784413,7.36742345,571667,2025-06-29 17:05:04.117435,62662.5155,62179.71627675529,50.89469620403124,580.5247516585296,1004.143402481825,66920.7984086311,58404.2325913689,8516.565817262206
2024-10-05,62090.7,62380.04,61686.34,62051.29,1783.56564961,BTC,alpha_vantage,2025-06-29 17:05:03.299936,btc,608641,11.98735357,759113,2025-06-29 17:05:04.117435,62808.96349999999,62167.4852027786,50.740938090308084,503.3800003956276,903.9907220645855,66760.58619335166,58857.34080664833,7903.2453867033255
2024-10-06,62051.29,62978.75,61805.85,62810.86,2086.21821773,BTC,alpha_vantage,2025-06-29 17:05:03.299936,btc,610738,9.89011969,744069,2025-06-29 17:05:04.117435,63039.068999999996,62228.75899299016,53.6468386087811,497.79491037033586,822.7515597257357,66381.39388192228,59696.7441180777,6684.64976384458
2024-10-07,62810.93,64467.02,62113.28,62200.28,10707.1500015,BTC,alpha_vantage,2025-06-29 17:05:03.299936,btc,719501,15.187683,717392,2025-06-29 17:05:04.117435,63133.453,62226.046707943475,51.04028220604124,439.0390146482896,746.0090507102465,66262.26891248269,60004.63708751731,6257.631824965378
2024-10-08,62203.82,63191.05,61824.48,62122.02,6566.33034742,BTC,alpha_vantage,2025-06-29 17:05:03.299936,btc,822783,14.45446138,711462,2025-06-29 17:05:04.117435,63151.09500000001,62216.13940242505,50.70025389418579,381.7589366364555,673.1590278954883,66252.8034377067,60049.386562293315,6203.416875413379
2024-10-09,62118.44,62507.68,60255.0,60578.28,7582.36723494,BTC,alpha_vantage,2025-06-29 17:05:03.299936,btc,668278,15.04769008,534258,2025-06-29 17:05:04.117435,63032.002,62060.152792670284,44.414646901406485,209.3835030187911,580.403922920149,66330.55400116427,59733.44999883572,6597.104002328553
2024-10-10,60578.28,61271.59,58863.9,60279.53,10462.57962276,BTC,alpha_vantage,2025-06-29 17:05:03.299936,btc,679738,25.35958928,759342,2025-06-29 17:05:04.117435,62885.444,61890.56966955883,43.29597418757991,48.113479494757485,473.94583423507066,66393.05898126816,59377.82901873184,7015.229962536316
2024-10-11,60279.53,63416.7,60029.98,62518.75,11454.9900534,BTC,alpha_vantage,2025-06-29 17:05:03.299936,btc,718986,45.73079814,631180,2025-06-29 17:05:04.117435,62843.24450000001,61950.39636769608,52.87647358510575,99.84125616971869,399.1249186220003,66347.18089628631,59339.30810371371,7007.872792572605
2024-10-12,62518.75,63474.25,62464.15,63187.47,3943.90648994,BTC,alpha_vantage,2025-06-29 17:05:03.299936,btc,606243,44.38733295,732389,2025-06-29 17:05:04.117435,62823.735,62068.212904105974,55.305119842568544,192.5761096196802,357.8151568215363,66315.42124027143,59332.04875972857,6983.372480542865
2024-10-13,63183.08,63270.18,62033.0,62845.3,2257.61460657,BTC,alpha_vantage,2025-06-29 17:05:03.299936,btc,609844,24.42843919,643752,2025-06-29 17:05:04.117435,62799.05649999999,62142.221198953026,53.777862173650504,235.7414095064596,333.40040735852097,66282.79829342439,59315.3147065756,6967.4835868487935
2024-10-14,62847.89,66500.0,62426.67,66065.65,13638.71106556,BTC,alpha_vantage,2025-06-29 17:05:03.299936,btc,722649,25.83263721,609666,2025-06-29 17:05:04.117435,62888.692500000005,62515.881084767025,63.885949885486475,523.7678819589928,371.47390227861536,66604.06387219361,59173.3211278064,7430.742744387215
2024-10-15,66065.64,67944.76,64778.44,67056.6,16324.01191342,BTC,alpha_vantage,2025-06-29 17:05:03.299936,btc,787245,25.75104629,648296,2025-06-29 17:05:04.117435,63084.978,62948.3305052654,66.32625297016439,822.5109258239827,461.68130698768886,67221.69543090882,58948.26056909118,8273.434861817637
2024-10-16,67056.62,68399.0,66743.0,67608.44,12465.75691229,BTC,alpha_vantage,2025-06-29 17:05:03.299936,btc,614677,61.92289461,722995,2025-06-29 17:05:04.117435,63206.5395,63392.15045714489,67.63770672293671,1091.2169467914355,587.5884349484382,67708.7808367988,58704.298163201194,9004.48267359761
2024-10-17,67608.45,67926.99,66629.97,67402.33,7912.22639285,BTC,alpha_vantage,2025-06-29 17:05:03.299936,btc,765780,50.32160159,637858,2025-06-29 17:05:04.117435,63287.20599999999,63774.07231836919,66.59449978672293,1272.8642629705937,724.6436005528694,68023.37110006322,58551.040899936765,9472.330200126453
2024-10-18,67399.86,69000.62,67149.24,68426.11,11802.74441943,BTC,alpha_vantage,2025-06-29 17:05:03.299936,btc,723986,24.71878877,471530,2025-06-29 17:05:04.117435,63415.562,64217.12352614355,69.14052330000973,1482.3440205130028,876.1836845448962,68546.27453139609,58284.8494686039,10261.425062792194
2024-10-19,68426.11,68689.29,68005.83,68363.73,1868.86958754,BTC,alpha_vantage,2025-06-29 17:05:03.299936,btc,685573,15.38628622,738236,2025-06-29 17:05:04.117435,63553.748,64612.038428415595,68.7964634804676,1624.597345989103,1025.8664168337375,69048.32171374204,58059.17428625796,10989.14742748408
2024-10-20,68363.73,69380.0,68083.18,69014.86,2632.89214855,BTC,alpha_vantage,2025-06-29 17:05:03.299936,btc,688498,13.55162116,785369,2025-06-29 17:05:04.117435,63839.4285,65031.35476856649,70.4494664725284,1769.4774460517,1174.58862267733,69824.06589174998,57854.79110825002,11969.27478349996
2024-10-21,69014.87,69498.0,66802.0,67346.15,10226.59346669,BTC,alpha_vantage,2025-06-29 17:05:03.299936,btc,717571,18.03407499,837363,2025-06-29 17:05:04.117435,64167.236,65251.811457274445,61.4631360503925,1729.7060435816384,1285.6121068581917,70166.04171304798,58168.43028695202,11997.611426095958
2024-10-22,67346.15,67800.0,66535.0,67380.08,8598.06472763,BTC,alpha_vantage,2025-06-29 17:05:03.299936,btc,639877,25.73374623,696851,2025-06-29 17:05:04.117435,64504.67150000001,65454.503699438785,61.57047500610049,1681.541029753731,1364.7978914372998,70428.70920716664,58580.633792833374,11848.075414333267
2024-10-23,67389.7,67415.65,65149.51,66601.11,9021.17140157,BTC,alpha_vantage,2025-06-29 17:05:03.299936,btc,740774,23.72766322,655119,2025-06-29 17:05:04.117435,64797.4775,65563.70429949224,57.60356870905644,1562.501990090801,1404.3387111680001,70524.8897622661,59070.06523773389,11454.82452453221
2024-10-24,66601.1,68800.0,66445.32,68156.84,10016.19830413,BTC,alpha_vantage,2025-06-29 17:05:03.299936,btc,656927,49.28574683,700022,2025-06-29 17:05:04.117435,65100.784,65810.6696043025,62.763526611368434,1575.5353124051398,1438.578031415428,70865.07208368016,59336.49591631983,11528.576167360334
2024-10-25,68156.84,68742.38,65500.01,66564.51,14485.49253537,BTC,alpha_vantage,2025-06-29 17:05:03.299936,btc,859095,34.73362813,503588,2025-06-29 17:05:04.117435,65326.44500000001,65882.46392770227,55.33955874949798,1440.7683106581972,1439.016087263982,70947.11592021774,59705.77407978228,11241.34184043546
2024-10-26,66564.51,67365.18,66331.95,67012.56,2949.2199701,BTC,alpha_vantage,2025-06-29 17:05:03.299936,btc,727063,10.27423282,603956,2025-06-29 17:05:04.117435,65536.53,65990.09212506395,56.88494064806338,1354.5044966324203,1422.1137691376698,71078.94481167561,59994.11518832439,11084.829623351223
2024-10-27,67008.15,68261.37,66836.78,67943.19,2819.59766921,BTC,alpha_vantage,2025-06-29 17:05:03.299936,btc,654362,8.21010153,695610,2025-06-29 17:05:04.117435,65823.6755,66176.10144648643,59.98235686913348,1345.7212292716868,1406.8352611644732,71238.54774693439,60408.803253065606,10829.744493868784
2024-10-28,67943.18,70235.98,67532.48,69924.5,16140.14013624,BTC,alpha_vantage,2025-06-29 17:05:03.299936,btc,756668,7.43238722,713082,2025-06-29 17:05:04.117435,66213.7995,66533.0917849163,65.64165846474279,1481.55711690335,1421.7796323122486,71629.9749160053,60797.624083994684,10832.35083201062
2024-10-29,69924.49,73624.98,69705.76,72724.35,20616.91187006,BTC,alpha_vantage,2025-06-29 17:05:03.299936,btc,831182,11.48863344,617786,2025-06-29 17:05:04.117435,66821.10299999999,67122.73542444808,71.72659972841599,1794.4472611514939,1496.3131580800978,72296.98863870041,61345.217361299576,10951.771277400832
2024-10-30,72724.35,72948.6,71400.01,72322.91,13543.49337837,BTC,alpha_vantage,2025-06-29 17:05:03.299936,btc,794409,9.51950036,674680,2025-06-29 17:05:04.117435,67423.272,67617.99014592922,69.81736975451801,1987.1158669168217,1594.4736998474427,72525.27494982917,62321.26905017083,10204.00589965834
2024-10-31,72322.91,72684.02,69559.33,70197.83,14726.78460342,BTC,alpha_vantage,2025-06-29 17:05:03.299936,btc,789382,65.59262752,562286,2025-06-29 17:05:04.117435,67807.226,67863.68917965025,60.61871994790294,1945.8998074233677,1664.758921362628,72515.6778276157,63098.77417238429,9416.903655231406
2024-11-01,70198.02,71620.0,68720.0,69467.29,15295.28781188,BTC,alpha_vantage,2025-06-29 17:05:03.299936,btc,819093,8.45088325,547824,2025-06-29 17:05:04.117435,68121.21699999999,68016.41306730261,57.7994435283355,1833.1558313823625,1698.438303366575,72370.67468511297,63871.75931488701,8498.915370225965
2024-11-02,69466.64,69891.92,69000.0,69358.94,2203.99644104,BTC,alpha_vantage,2025-06-29 17:05:03.299936,btc,690705,6.98802368,540251,2025-06-29 17:05:04.117435,68446.899,68144.27277517856,57.373246982758346,1715.2896868330572,1701.8085800598715,71964.41903033925,64929.37896966075,7035.040060678504
2024-11-03,69360.95,69364.65,67444.0,68738.18,6758.88506466,BTC,alpha_vantage,2025-06-29 17:05:03.299936,btc,627617,5.25744622,455287,2025-06-29 17:05:04.117435,68580.5255,68200.8353680187,54.87662299934894,1553.8776398290938,1672.222392013716,71924.83747139575,65236.213528604254,6688.623942791492
2024-11-04,68736.4,69453.94,66783.77,67807.48,12431.01371517,BTC,alpha_vantage,2025-06-29 17:05:03.299936,btc,811710,6.53551271,462249,2025-06-29 17:05:04.117435,68618.06950000001,68163.37295201691,51.274056086014525,1335.4633279048576,1604.8705791919444,71909.54856531107,65326.59043468896,6582.958130622108
2024-11-05,67810.15,70557.67,67427.53,69380.73,12867.66127618,BTC,alpha_vantage,2025-06-29 17:05:03.299936,btc,768957,6.32291368,457869,2025-06-29 17:05:04.117435,68706.684,68279.31171849149,56.47557765747815,1274.6234729453572,1538.821157942627,71980.04376958506,65433.32423041493,6546.719539170124
2024-11-06,69380.64,76509.56,69285.82,75646.55,45398.11837369,BTC,alpha_vantage,2025-06-29 17:05:03.299936,btc,894241,8.31425928,500965,2025-06-29 17:05:04.117435,69118.895,68980.95345958753,70.14504132220304,1712.2687891685928,1573.5106841878203,73515.17668969893,64722.61331030108,8792.563379397849
2024-11-07,75646.55,76999.0,74463.96,75920.0,21932.40207681,BTC,alpha_vantage,2025-06-29 17:05:03.299936,btc,792482,6.82760192,567009,2025-06-29 17:05:04.117435,69493.5895,69641.8150348649,70.57930753953283,2057.453936760372,1670.2993347023307,74777.59597755292,64209.58302244709,10568.012955105827
2024-11-08,75925.0,77312.18,75654.26,76566.73,18378.39876264,BTC,alpha_vantage,2025-06-29 17:05:03.299936,btc,848426,7.83022716,481877,2025-06-29 17:05:04.117435,69903.7395,70301.33074583016,71.63035711969204,2356.042369354953,1807.4479416328552,75986.36879771503,63821.11020228497,12165.25859543006
2024-11-09,76566.72,76952.67,75758.58,76716.06,4836.57005338,BTC,alpha_vantage,2025-06-29 17:05:03.299936,btc,654475,13.58884107,587132,2025-06-29 17:05:04.117435,70288.7995,70912.25734146537,71.88015684023121,2575.0420545005036,1960.966764206385,77036.30386271524,63541.295137284746,13495.008725430496
2024-11-10,76716.06,81534.28,76535.33,80428.92,16728.21105103,BTC,alpha_vantage,2025-06-29 17:05:03.299936,btc,793243,10.40340315,553582,2025-06-29 17:05:04.117435,70942.938,71818.60616608772,77.24504079600784,3013.460359905148,2171.4654833461377,78858.10053472196,63027.77546527802,15830.325069443941
2024-11-11,80427.69,89666.0,80277.34,88770.73,35560.11866694,BTC,alpha_vantage,2025-06-29 17:05:03.299936,btc,941403,16.33887419,461089,2025-06-29 17:05:04.117435,72012.4705,73433.09415026984,84.43167716300108,3988.052589382787,2534.7829045534677,82925.83116343734,61099.10983656265,21826.721326874685
2024-11-12,88770.74,90100.0,85010.0,88035.43,40111.80924643,BTC,alpha_vantage,2025-06-29 17:05:03.299936,btc,1007782,19.53908127,502742,2025-06-29 17:05:04.117435,73084.1865,74823.79280262509,81.97405571942875,4647.517696929281,2957.3298630286304,85733.20314032321,60435.16985967678,25298.03328064643
2024-11-13,88035.43,93495.0,86220.5,90493.82,42318.6909168,BTC,alpha_vantage,2025-06-29 17:05:03.299936,btc,859128,22.97549117,570985,2025-06-29 17:05:04.117435,74201.0355,76316.17634523222,83.68404350484204,5307.340357292735,3427.331961881451,88719.00830017502,59683.06269982497,29035.945600350045
2024-11-14,90499.4,91831.25,86672.07,87340.4,23422.75915863,BTC,alpha_vantage,2025-06-29 17:05:03.299936,btc,839766,24.82924316,503550,2025-06-29 17:05:04.117435,75239.82999999999,77366.10240759105,73.98844537046133,5512.258050086981,3844.317179522557,90383.15967758553,60096.500322414446,30286.659355171083
2024-11-15,87338.96,91934.62,87100.83,91058.36,20388.33115227,BTC,alpha_vantage,2025-06-29 17:05:03.299936,btc,886479,41.00771635,559376,2025-06-29 17:05:04.117435,76442.12,78670.12694020143,77.32425389538446,5906.577746149851,4256.769292848016,92568.06222640161,60316.17777359837,32251.884452803242
2024-11-16,91058.36,91820.73,90069.21,90636.24,6598.0269304,BTC,alpha_vantage,2025-06-29 17:05:03.299936,btc,802492,17.77681763,608007,2025-06-29 17:05:04.117435,77576.77249999999,79809.75675542034,76.1305146545937,6114.532861342697,4628.322006546953,94332.20486661226,60821.34013338773,33510.86473322453
2024-11-17,90638.54,91439.82,88713.64,89886.69,5574.55122824,BTC,alpha_vantage,2025-06-29 17:05:03.299936,btc,717710,9.62792329,598836,2025-06-29 17:05:04.117435,78574.882,80769.46468347554,73.94745147072709,6147.986209583891,4932.254847154341,95760.77686714809,61388.98713285191,34371.78973429618
2024-11-18,89877.11,92674.8,89372.65,90520.3,17340.77166451,BTC,alpha_vantage,2025-06-29 17:05:03.299936,btc,796834,17.43262085,676948,2025-06-29 17:05:04.117435,79464.6795,81698.11566600169,74.61023590956344,6154.677964364513,5176.739470596376,97181.36319991919,61747.99580008081,35433.367399838375
2024-11-19,90521.32,94105.84,90403.24,92435.89,18267.16111244,BTC,alpha_vantage,2025-06-29 17:05:03.299936,btc,757888,25.38338346,815851,2025-06-29 17:05:04.117435,80470.32849999999,82720.7608406682,76.55239912508618,6242.592610253996,5389.9100985279,98726.4246798248,62214.23232017517,36512.192359649634
2024-11-20,92445.04,94989.99,91600.0,94393.15,20329.039987,BTC,alpha_vantage,2025-06-29 17:05:03.299936,btc,750264,21.83644136,669311,2025-06-29 17:05:04.117435,81680.09449999999,83832.41695108076,78.37276505905128,6396.465650648854,5591.221208952091,100256.82885363874,63103.36014636124,37153.4687072775
2024-11-21,94384.15,99073.53,94127.2,98439.09,31188.09394751,BTC,alpha_vantage,2025-06-29 17:05:03.299936,btc,977195,21.35338055,480041,2025-06-29 17:05:04.117435,83128.6845,85223.52867002545,81.55976677293123,6766.880304512073,5826.353028064088,102182.38950915825,64074.97949084175,38107.4100183165
2024-11-22,98439.1,99860.0,97209.52,99024.03,29936.62215019,BTC,alpha_vantage,2025-06-29 17:05:03.299936,btc,902930,19.41600607,539627,2025-06-29 17:05:04.117435,84611.93899999998,86537.86213002303,81.97335928556558,7026.637650934674,6066.409952638205,103765.3911150303,65458.486884969665,38306.90423006064
2024-11-23,99024.03,99044.11,97215.01,97778.77,12072.47203722,BTC,alpha_vantage,2025-06-29 17:05:03.299936,btc,877099,13.33536165,451335,2025-06-29 17:05:04.117435,86063.96849999999,87608.42478430655,77.96436177051162,7050.7386186340445,6263.275685837373,104576.0999819708,67551.83701802918,37024.26296394161
2024-11-24,97778.78,98700.0,95780.77,98028.18,8654.77135767,BTC,alpha_vantage,2025-06-29 17:05:03.299936,btc,790852,9.16009539,463815,2025-06-29 17:05:04.117435,87575.00349999999,88600.78242389641,78.194384059311,7009.166799952538,6412.453908660406,104766.12626188192,70383.88073811807,34382.24552376385
2024-11-25,98032.06,98999.0,92534.93,93000.01,20695.912495,BTC,alpha_vantage,2025-06-29 17:05:03.299936,btc,956417,11.6169858,598037,2025-06-29 17:05:04.117435,88755.9675,89019.75647876342,63.74711949950135,6495.612163664147,6429.085559661155,103909.70695280038,73602.22804719962,30307.478905600758
2024-11-26,93001.48,95004.92,90682.58,91929.54,17848.01962899,BTC,alpha_vantage,2025-06-29 17:05:03.299936,btc,790710,17.23152108,475347,2025-06-29 17:05:04.117435,89570.117,89296.87871888118,61.156509804597256,5933.836854165667,6330.035818562057,103521.0097604884,75619.22423951159,27901.785520976817
2024-11-27,91929.53,97386.06,91747.46,95951.19,15213.90946356,BTC,alpha_vantage,2025-06-29 17:05:03.299936,btc,800136,9.91088139,462955,2025-06-29 17:05:04.117435,90571.67649999999,89930.6226504163,66.64135394399199,5746.892815622239,6213.407217974094,103279.68196073279,77863.67103926718,25416.01092146561
2024-11-28,95951.19,96676.31,94671.59,95665.53,5586.55288339,BTC,alpha_vantage,2025-06-29 17:05:03.299936,btc,754947,13.9498591,523444,2025-06-29 17:05:04.117435,91526.61649999999,90476.8043027576,65.92923275125948,5512.1473402321135,6073.155242425699,102653.49946774685,80399.73353225313,22253.76593549372
2024-11-29,95665.53,98750.0,95383.46,97490.56,12587.02498942,BTC,alpha_vantage,2025-06-29 17:05:03.299936,btc,767132,13.01648571,348672,2025-06-29 17:05:04.117435,92565.3415,91144.78103582832,68.26261804542695,5410.999889824117,5940.724171905383,101661.2160440851,83469.46695591489,18191.74908817021
2024-11-30,97489.8,97509.6,96129.73,96465.42,3476.04255853,BTC,alpha_vantage,2025-06-29 17:05:03.299936,btc,828664,9.98037754,633055,2025-06-29 17:05:04.117435,93367.16649999999,91651.50855622561,65.5470808667168,5188.311945603331,5790.241726644973,100698.38860107806,86035.94439892193,14662.444202156126
2024-12-01,96464.95,97895.9,95753.42,97263.18,4039.27591451,BTC,alpha_vantage,2025-06-29 17:05:03.299936,btc,739652,21.31730326,698852,2025-06-29 17:05:04.117435,93791.789,92185.9534556327,66.65863334339105,5018.354246335148,5635.864230583008,100991.50697809056,86592.07102190945,14399.435956181114
2024-12-02,97259.17,98200.0,94400.63,95862.89,15554.61486745,BTC,alpha_vantage,2025-06-29 17:05:03.299936,btc,925715,18.29973793,310261,2025-06-29 17:05:04.117435,94183.162,92536.13788842958,62.82702712116812,4716.303236978769,5451.952031862161,100925.12059870028,87441.20340129972,13483.917197400559
2024-12-03,95862.89,96310.1,93571.3,95924.52,17898.7046212,BTC,alpha_vantage,2025-06-29 17:05:03.299936,btc,918415,15.34214632,437755,2025-06-29 17:05:04.117435,94454.697,92858.84094667439,62.928028896174524,4430.822893614328,5247.726204212595,101015.43608793274,87893.95791206726,13121.478175865486
2024-12-04,95924.85,99263.2,94634.85,98746.24,17528.92050771,BTC,alpha_vantage,2025-06-29 17:05:03.299936,btc,887569,11.7681086,503460,2025-06-29 17:05:04.117435,95024.989,93419.54561841968,67.30780779532708,4381.756722675069,5074.53230790509,100966.63771245354,89083.34028754647,11883.297424907068
2024-12-05,98746.24,104000.0,92055.86,97044.23,36399.8182427,BTC,alpha_vantage,2025-06-29 17:05:03.299936,btc,968792,14.40977231,509543,2025-06-29 17:05:04.117435,95324.2825,93764.75365476066,62.51055362956583,4157.607138917243,4891.147274107521,101035.10737422963,89613.45762577037,11421.649748459255
2024-12-06,97049.47,102104.12,96424.2,99891.35,17801.21293952,BTC,alpha_vantage,2025-06-29 17:05:03.299936,btc,872253,15.45416475,433339,2025-06-29 17:05:04.117435,95787.038,94348.23902097392,66.77637483841258,4161.731913592259,4745.26420200447,101402.46520962073,90171.61079037927,11230.854419241456
2024-12-07,99885.37,100583.27,99012.73,99929.32,4774.3508777,BTC,alpha_vantage,2025-06-29 17:05:03.299936,btc,798958,17.9532308,443750,2025-06-29 17:05:04.117435,96289.1695,94879.77054278593,66.83058129153986,4120.565376216924,4620.32443684696,101484.68268953807,91093.65631046194,10391.026379076124
2024-12-08,99919.2,101435.05,98729.66,101174.99,4230.35225168,BTC,alpha_vantage,2025-06-29 17:05:03.299936,btc,851865,15.19391832,419481,2025-06-29 17:05:04.117435,96821.90400000001,95479.31525299679,68.6383779568778,4140.724067718111,4524.404363021191,101718.4752945633,91925.33270543673,9793.142589126568
2024-12-09,101175.0,101290.73,94220.8,97324.81,20103.05073464,BTC,alpha_vantage,2025-06-29 17:05:03.299936,btc,915304,15.76046721,401306,2025-06-29 17:05:04.117435,97066.35,95655.07665747328,58.09842255841682,3802.193309575523,4379.9621523320575,101531.83476454743,92600.86523545258,8930.969529094844
2024-12-10,97330.66,98338.17,94273.38,96660.76,20620.53877488,BTC,alpha_vantage,2025-06-29 17:05:03.299936,btc,985635,16.08278745,441945,2025-06-29 17:05:04.117435,97179.73049999999,95750.8560234282,56.487305662495274,3440.660170750707,4192.101756015788,101480.06009584543,92879.40090415455,8600.65919169088
2024-12-11,96660.75,101984.98,95722.79,101202.11,21190.23753294,BTC,alpha_vantage,2025-06-29 17:05:03.299936,btc,858578,19.09109099,482129,2025-06-29 17:05:04.117435,97317.8815,96270.023068816,63.86696098072424,3480.470843514733,4049.7755735155774,101936.88593126614,92698.87706873387,9238.008862532268
2024-12-12,101211.61,102595.0,99298.39,100030.47,14796.92456547,BTC,alpha_vantage,2025-06-29 17:05:03.299936,btc,883811,19.3308715,471573,2025-06-29 17:05:04.117435,97368.2035,96628.1608717859,60.99291702832231,3378.5338966088893,3915.52723813424,102081.43078653904,92654.97621346096,9426.454573078081
2024-12-13,100024.75,101959.13,99220.81,101428.75,13327.59954074,BTC,alpha_vantage,2025-06-29 17:05:03.299936,btc,936834,14.55124844,527292,2025-06-29 17:05:04.117435,97550.7025,97085.35983637773,63.12560210878764,3371.7106601828273,3806.763922543958,102585.1024165859,92516.3025834141,10068.799833171797
2024-12-14,101428.74,102650.0,100600.0,101399.99,4181.40180281,BTC,alpha_vantage,2025-06-29 17:05:03.299936,btc,774578,11.9293312,523313,2025-06-29 17:05:04.117435,97719.293,97496.27699481795,63.04924621333894,3325.646521556351,3710.540442346437,103024.88414447101,92413.701855529,10611.182288942015
2024-12-15,101400.0,105100.0,101221.34,104447.76,7796.33358128,BTC,alpha_vantage,2025-06-29 17:05:03.299936,btc,789756,9.47781511,370567,2025-06-29 17:05:04.117435,98291.6805,98158.32299531148,67.53132601819195,3494.7842303640064,3667.389199949951,103898.72203889235,92684.63896110766,11214.083077784686
2024-12-16,104445.15,107857.79,103289.21,106099.81,22575.87902891,BTC,alpha_vantage,2025-06-29 17:05:03.299936,btc,952348,12.42637813,412496,2025-06-29 17:05:04.117435,99000.194,98914.6550909961,69.6783402976561,3719.2603927590244,3677.763438511766,104790.61369200343,93209.77430799657,11580.83938400686
2024-12-17,106099.98,108388.88,105337.97,106136.99,11994.58863972,BTC,alpha_vantage,2025-06-29 17:05:03.299936,btc,829977,12.68251366,417545,2025-06-29 17:05:04.117435,99509.484,99602.49651090123,69.72685783650839,3855.7132220684143,3713.3533952230955,105898.45428822807,93120.51371177193,12777.940576456138
2024-12-18,106145.83,106528.13,99939.82,100150.73,22294.42835455,BTC,alpha_vantage,2025-06-29 17:05:03.299936,btc,890898,13.44800318,415402,2025-06-29 17:05:04.117435,99733.744,99654.70922414873,54.58306703677925,3441.1445473442145,3658.9116256473194,105877.42481602074,93590.06318397928,12287.361632041459
2024-12-19,100148.6,102796.22,95539.67,97372.21,23522.12863874,BTC,alpha_vantage,2025-06-29 17:05:03.299936,btc,861604,22.52973589,437556,2025-06-29 17:05:04.117435,99727.8265,99437.32834565837,49.23772921507937,2855.476388544994,3498.2245782268546,105880.35992753829,93575.2930724617,12305.066855076584
2024-12-20,97372.2,98132.47,92115.66,97765.0,21766.62386138,BTC,alpha_vantage,2025-06-29 17:05:03.299936,btc,882836,15.103959,391262,2025-06-29 17:05:04.117435,99792.8055,99278.05897940519,49.983426796714426,2395.412202721709,3277.6621031258255,105832.56185558125,93753.04914441875,12079.512711162504
2024-12-21,97762.75,99596.57,96368.0,97230.08,6451.43271418,BTC,alpha_vantage,2025-06-29 17:05:03.299936,btc,744752,10.67149899,334464,2025-06-29 17:05:04.117435,99791.1505,99083.01336231899,48.92927400845402,1964.9932286126277,3015.128328223186,105833.69609290239,93748.60490709762,12085.091185804777
2024-12-22,97230.09,97387.98,94182.98,95087.75,4933.50127735,BTC,alpha_vantage,2025-06-29 17:05:03.299936,btc,758970,8.23399629,332182,2025-06-29 17:05:04.117435,99752.3935,98702.51208971719,44.849661447199146,1434.4791807652073,2698.9984987315906,105904.18169235645,93600.60530764356,12303.576384712884
2024-12-23,95091.15,96430.08,92360.91,94764.56,13476.98947566,BTC,alpha_vantage,2025-06-29 17:05:03.299936,btc,804969,11.00316454,298335,2025-06-29 17:05:04.117435,99694.39550000001,98327.46903355364,44.25025398589187,976.7053919301543,2354.5398773713036,106009.15728410114,93379.63371589889,12629.523568202247
2024-12-24,94767.88,99444.0,93426.25,98594.47,13355.36314305,BTC,alpha_vantage,2025-06-29 17:05:03.299936,btc,763920,9.51769171,323103,2025-06-29 17:05:04.117435,99686.807,98352.89769702473,52.373458035799864,912.4400543308439,2066.1199127632117,106006.47103373542,93367.14296626458,12639.328067470837
2024-12-25,98594.47,99484.92,97557.48,99346.28,5254.2370598,BTC,alpha_vantage,2025-06-29 17:05:03.299936,btc,702219,7.64520668,407080,2025-06-29 17:05:04.117435,99801.9095,98447.50553540332,53.79664575565473,911.6649886409868,1835.228927938767,106007.6897285147,93596.12927148529,12411.560457029409
2024-12-26,99358.67,99887.0,95083.93,95669.49,11403.37268934,BTC,alpha_vantage,2025-06-29 17:05:03.299936,btc,739743,7.73055662,298230,2025-06-29 17:05:04.117435,99590.8165,98182.93262726968,46.48127151043305,607.3632136573142,1589.6557850824765,106052.0273377777,93129.6056622223,12922.421675555408
2024-12-27,95669.4,97340.47,93234.31,94171.89,13169.12897588,BTC,alpha_vantage,2025-06-29 17:05:03.299936,btc,846364,6.83222029,348548,2025-06-29 17:05:04.117435,99302.94499999999,97800.92856752971,43.86483875710491,242.56195731788466,1320.2370195295582,106177.95783247857,92427.93216752142,13750.025664957153
2024-12-28,94171.7,95534.17,94002.72,95130.82,2722.6591363,BTC,alpha_vantage,2025-06-29 17:05:03.299936,btc,704798,5.5634798,291855,2025-06-29 17:05:04.117435,99000.7365,97546.63251347927,45.96234763671321,30.480608820405905,1062.2857373877277,106049.20416634962,91952.26883365038,14096.935332699242
2024-12-29,95125.59,95170.06,92841.48,93563.35,3417.52751094,BTC,alpha_vantage,2025-06-29 17:05:03.299936,btc,727603,6.67212669,432661,2025-06-29 17:05:04.117435,98812.6635,97167.2722741003,43.125720748455244,-261.0676911000628,797.6150516901697,106221.48925673473,91403.83774326526,14817.651513469464
2024-12-30,93563.35,94910.48,91271.19,92620.71,15271.24432744,BTC,alpha_vantage,2025-06-29 17:05:03.299936,btc,812462,6.88225012,362074,2025-06-29 17:05:04.117435,98610.66100000001,96734.2663432336,41.46824575028909,-561.7099466947548,525.7500520131848,106450.90327611628,90770.41872388373,15680.484552232549
2024-12-31,92620.7,96148.94,91887.13,93354.22,10348.6325655,BTC,alpha_vantage,2025-06-29 17:05:03.299936,btc,780332,6.05174448,315699,2025-06-29 17:05:04.117435,98218.2665,96412.35716768754,43.29457912511735,-732.3410022553144,274.131841159485,106282.7824797136,90153.7505202864,16129.0319594272
2025-01-01,93347.59,94960.91,92743.63,94383.59,6871.73848196,BTC,alpha_vantage,2025-06-29 17:05:03.299936,btc,661798,4.63322656,290700,2025-06-29 17:05:04.117435,97935.9225,96219.14124695539,45.848172731247956,-775.5655500334688,64.19236292089425,106121.37776629766,89750.46723370234,16370.910532595328
2025-01-02,94383.59,97776.99,94177.0,96903.19,10912.47383962,BTC,alpha_vantage,2025-06-29 17:05:03.299936,btc,806065,5.66261043,412640,2025-06-29 17:05:04.117435,97709.64450000001,96284.28874724536,51.59422009996287,-599.5988504290872,-68.56587974910204,105745.20356442011,89674.08543557991,16071.1181288402
2025-01-03,96905.48,98969.92,96016.63,98136.51,9021.88538159,BTC,alpha_vantage,2025-06-29 17:05:03.299936,btc,774077,6.06347884,400483,2025-06-29 17:05:04.117435,97546.47050000001,96460.69077131723,54.158378863095784,-356.51566583385284,-126.15583696605219,105406.26816341502,89686.672836585,15719.595326830022
2025-01-04,98139.85,98761.02,97516.65,98209.85,2742.08960614,BTC,alpha_vantage,2025-06-29 17:05:03.299936,btc,699568,6.02843849,439080,2025-06-29 17:05:04.117435,97234.575,96627.27736452511,54.31336280305102,-156.1525364121335,-132.15517685526845,104442.19313762253,90026.95686237747,14415.236275245057
2025-01-05,98209.85,98814.0,97250.0,98345.33,2377.92175899,BTC,alpha_vantage,2025-06-29 17:05:03.299936,btc,672568,5.86404186,433093,2025-06-29 17:05:04.117435,96846.851,96790.90142504653,54.618590315745266,13.414160843196441,-103.04130931557548,102836.56857514837,90857.13342485162,11979.435150296747
2025-01-06,98347.65,102500.0,97900.0,102279.41,15173.44718169,BTC,alpha_vantage,2025-06-29 17:05:03.299936,btc,765227,6.67936903,364707,2025-06-29 17:05:04.117435,96653.972,97313.61652742304,62.46130384071506,459.9424374866212,9.55544004486386,101590.47990795571,91717.46409204428,9873.015815911436
2025-01-07,102279.41,102735.99,96105.11,96941.98,16587.2869223,BTC,alpha_vantage,2025-06-29 17:05:03.299936,btc,780759,7.24543198,344525,2025-06-29 17:05:04.117435,96493.5345,97278.22257243037,49.86928882715177,378.7671278769267,83.39777761127642,101166.57162580847,91820.49737419152,9346.074251616956
2025-01-08,96941.98,97254.35,92500.0,95036.63,14182.29739458,BTC,alpha_vantage,2025-06-29 17:05:03.299936,btc,739012,7.530428,408966,2025-06-29 17:05:04.117435,96376.7555,97064.73756553224,46.282327964809745,158.85807188211766,98.48983646544468,101072.79922396428,91680.71177603572,9392.087447928556
2025-01-09,95033.18,95363.26,91187.0,92547.44,9712.37853215,BTC,alpha_vantage,2025-06-29 17:05:03.299936,btc,742304,7.20633832,528450,2025-06-29 17:05:04.117435,96115.8775,96634.51874976726,42.029163504241936,-213.81355970220466,36.029157231914816,101048.20800547107,91183.54699452894,9864.66101094213
2025-01-10,92547.44,95862.92,92209.25,94701.18,12634.03407823,BTC,alpha_vantage,2025-06-29 17:05:03.299936,btc,797315,6.9081061,405326,2025-06-29 17:05:04.117435,95989.4325,96450.39124978942,46.6015752924407,-331.5478173856245,-37.486237691593054,100930.67882296351,91048.18617703648,9882.492645927035
2025-01-11,94701.48,94983.65,93804.05,94565.02,2638.69956767,BTC,alpha_vantage,2025-06-29 17:05:03.299936,btc,680515,5.57448942,368077,2025-06-29 17:05:04.117435,95963.296,96270.83208314281,46.352660111998645,-430.87320084260136,-116.16363032179473,100928.81376610874,90997.77823389127,9931.035532217473
2025-01-12,94569.91,95383.84,93670.3,94509.62,2025.81612971,BTC,alpha_vantage,2025-06-29 17:05:03.299936,btc,706797,4.87193051,380129,2025-06-29 17:05:04.117435,95950.549,96103.09759903398,46.2444282560702,-508.20137077792606,-194.57117841302102,100929.60091020956,90971.49708979044,9958.103820419114
2025-01-13,94507.24,95900.0,89028.64,94506.45,13094.86359481,BTC,alpha_vantage,2025-06-29 17:05:03.299936,btc,730319,7.68337237,407646,2025-06-29 17:05:04.117435,95746.148,95951.03592293551,46.23777534751044,-563.2475281827647,-268.30644836696973,100608.54037236872,90883.75562763128,9724.784744737437
2025-01-14,94507.35,97353.29,94311.36,96534.96,11210.73131611,BTC,alpha_vantage,2025-06-29 17:05:03.299936,btc,790420,6.56850422,348098,2025-06-29 17:05:04.117435,95605.58200000001,96006.64773979879,51.087068166281554,-438.1376226944558,-302.272683232467,100198.628828874,91012.53517112602,9186.093657747988
2025-01-15,96534.97,100716.45,96400.0,100510.23,13600.98371987,BTC,alpha_vantage,2025-06-29 17:05:03.299936,btc,804761,7.57681134,356513,2025-06-29 17:05:04.117435,95847.61899999999,96435.56033600844,58.90912139564939,-18.008464574610116,-245.41983950089562,100914.3782294327,90780.85977056729,10133.518458865408
2025-01-16,100504.27,100880.0,97277.58,99981.78,12312.37366854,BTC,alpha_vantage,2025-06-29 17:05:03.299936,btc,787871,7.64525217,381403,2025-06-29 17:05:04.117435,96138.1135,96773.29554210287,57.59064912650422,269.20222585630836,-142.49542642945482,101447.64688528128,90828.58011471873,10619.066770562553
2025-01-17,99981.46,105970.0,99937.81,104107.0,20518.30949325,BTC,alpha_vantage,2025-06-29 17:05:03.299936,btc,844973,8.75065982,420369,2025-06-29 17:05:04.117435,96586.9225,97471.74358571213,64.30655781149011,820.2343938479898,50.050537626034114,102902.23160300044,90271.61339699956,12630.618206000887
2025-01-18,104107.0,104933.15,102233.45,104435.0,7835.2994471,BTC,alpha_vantage,2025-06-29 17:05:03.299936,btc,730835,6.13599716,360806,2025-06-29 17:05:04.117435,97130.505,98134.91086326336,64.78408005658133,1268.7725950511813,293.79494911106354,104144.15364288662,90116.85635711339,14027.297285773238
2025-01-19,104435.01,106314.44,99518.0,101211.13,13312.63685598,BTC,alpha_vantage,2025-06-29 17:05:03.299936,btc,777201,6.38180377,381533,2025-06-29 17:05:04.117435,97560.026,98427.88411438113,56.7480025691501,1348.5576518907037,504.7474896669916,104467.70028428854,90652.35171571145,13815.348568577087
2025-01-20,101217.78,109358.01,99416.27,102145.43,32342.18311338,BTC,alpha_vantage,2025-06-29 17:05:03.299936,btc,852334,12.74676251,353367,2025-06-29 17:05:04.117435,97999.5865,98781.9361034877,58.36005612693514,1470.230187569643,697.8440292475219,104899.62529930368,91099.54770069633,13800.077598607342
2025-01-21,102145.42,107291.1,100051.0,106159.26,19411.23488978,BTC,alpha_vantage,2025-06-29 17:05:03.299936,btc,864025,10.00097541,329282,2025-06-29 17:05:04.117435,98588.37000000001,99484.538379346,64.48428207318,1868.9944797674398,932.0741193515056,106133.2251729059,91043.51482709411,15089.710345811793
2025-01-22,106159.27,106431.34,103100.0,103667.11,10730.018962,BTC,alpha_vantage,2025-06-29 17:05:03.299936,btc,830610,7.66907261,429325,2025-06-29 17:05:04.117435,98926.56599999999,99882.878533694,58.710544202317216,1961.3135750247748,1137.9220104861595,106740.5334374482,91112.59856255178,15627.934874896426
2025-01-23,103659.6,106870.87,101200.01,103926.36,25064.86499945,BTC,alpha_vantage,2025-06-29 17:05:03.299936,btc,797154,6.71707239,326782,2025-06-29 17:05:04.117435,99216.05850000001,100267.97200667553,59.12059440987922,2031.9731103400845,1316.7322304569445,107315.29388336404,91116.82311663599,16198.470766728045
2025-01-24,103926.36,107200.0,102751.92,104850.27,12921.99361413,BTC,alpha_vantage,2025-06-29 17:05:03.299936,btc,778133,6.6514907,372822,2025-06-29 17:05:04.117435,99548.0795,100704.3813393731,60.621497527138764,2137.878978631663,1480.9615800918882,107992.19216822181,91103.9668317782,16888.225336443604
2025-01-25,104866.13,105294.0,104104.0,104733.56,3404.85308291,BTC,alpha_vantage,2025-06-29 17:05:03.299936,btc,674223,5.13483221,328968,2025-06-29 17:05:04.117435,99867.491,101088.11264038518,60.32021492593198,2187.180169132116,1622.2052978999338,108584.34044572985,91150.64155427014,17433.698891459702
2025-01-26,104729.92,105478.8,102452.24,102563.0,4575.36611531,BTC,alpha_vantage,2025-06-29 17:05:03.299936,btc,652111,4.26691798,310325,2025-06-29 17:05:04.117435,99881.67050000001,101228.57810320564,54.85952125229016,2027.7312423831027,1703.3104867965678,108615.07436836335,91148.26663163667,17466.80773672668
2025-01-27,102565.28,103228.46,97715.03,102062.42,23646.33771582,BTC,alpha_vantage,2025-06-29 17:05:03.299936,btc,800741,6.17294713,335928,2025-06-29 17:05:04.117435,100137.6925,101307.99161718605,53.65318922387099,1839.766513535491,1730.6016921443525,108811.38443015292,91464.00056984709,17347.383860305825
2025-01-28,102063.92,103770.85,100213.8,101290.0,9485.4685812,BTC,alpha_vantage,2025-06-29 17:05:03.299936,btc,754559,4.90333402,311149,2025-06-29 17:05:04.117435,100450.361,101306.278129835,51.761766366007095,1609.9171503239922,1706.4647837802804,108811.17914924596,92089.54285075405,16721.63629849191
2025-01-29,101290.01,104829.64,101275.6,103747.25,11401.29813651,BTC,alpha_vantage,2025-06-29 17:05:03.299936,btc,732357,4.59548864,349802,2025-06-29 17:05:04.117435,101010.3515,101538.75164127929,56.959894012784076,1607.509049228669,1686.6736368699583,108647.86326978574,93372.83973021427,15275.02353957147
2025-01-30,103747.25,106484.77,103289.74,104742.64,13061.34881233,BTC,alpha_vantage,2025-06-29 17:05:03.299936,btc,768553,4.9368606,346376,2025-06-29 17:05:04.117435,101512.4245,101843.88386591936,58.89233807973215,1666.7074993764545,1682.6804093712576,108733.79163721601,94291.05736278398,14442.734274432034
2025-01-31,104742.63,106090.0,101506.0,102411.26,13313.68104489,BTC,alpha_vantage,2025-06-29 17:05:03.299936,btc,767144,5.06805196,317922,2025-06-29 17:05:04.117435,101904.7365,101897.91968821276,52.90127098669066,1508.1152024908079,1647.7673679951677,108388.62450820737,95420.84849179263,12967.776016414748
2025-02-01,102414.05,102781.65,100250.0,100623.85,3390.25555744,BTC,alpha_vantage,2025-06-29 17:05:03.299936,btc,732561,4.6201881,352449,2025-06-29 17:05:04.117435,102210.448,101776.57971790679,48.802242247596574,1224.090067295605,1563.0319078552552,107783.3781138188,96637.5178861812,11145.860227637604
2025-02-02,100623.88,101459.84,96179.0,97676.52,10366.65062753,BTC,alpha_vantage,2025-06-29 17:05:03.299936,btc,762118,4.59301876,383886,2025-06-29 17:05:04.117435,102368.9515,101386.0978400109,42.89946974199139,752.4988637404313,1400.9252990322905,107185.38588660752,97552.51711339247,9632.868773215043
2025-02-03,97676.53,102599.85,91178.01,101460.2,31328.72219576,BTC,alpha_vantage,2025-06-29 17:05:03.299936,btc,872269,6.19287225,363728,2025-06-29 17:05:04.117435,102615.2135,101393.1551885813,51.079864127917304,676.2751132201083,1255.9952618698542,106654.21520874627,98576.21179125372,8078.003417492553
2025-02-04,101460.15,101812.23,96145.76,97795.05,14168.7031661,BTC,alpha_vantage,2025-06-29 17:05:03.299936,btc,807567,5.24385708,313377,2025-06-29 17:05:04.117435,102479.4545,101050.47850395451,44.43852345454558,316.4721734880004,1068.0906441934835,106951.63706617766,98007.27193382235,8944.365132355306
2025-02-05,97795.06,99230.49,96161.01,96638.33,9308.59185883,BTC,alpha_vantage,2025-06-29 17:05:03.299936,btc,755489,5.23646864,378194,2025-06-29 17:05:04.117435,102312.28199999999,100630.27388453027,42.557877019806995,-61.305197225054144,842.211475909776,107358.53821916964,97266.02578083034,10092.512438339298
2025-02-06,96635.62,99182.15,95674.96,96564.62,9168.94674634,BTC,alpha_vantage,2025-06-29 17:05:03.299936,btc,753978,5.29458452,426147,2025-06-29 17:05:04.117435,101935.163,100243.06875267024,42.43463724998386,-362.4659839976812,601.2759839282846,107490.22807812541,96380.09792187459,11110.130156250816
2025-02-07,96575.24,100235.79,95614.96,96537.08,12171.82534167,BTC,alpha_vantage,2025-06-29 17:05:03.299936,btc,753607,5.34405862,501276,2025-06-29 17:05:04.117435,101540.267,99890.11744289212,42.38525079097191,-596.4844239591621,361.7239023507953,107440.5212003382,95640.01279966181,11800.508400676394
2025-02-08,96536.93,96919.05,95682.33,96476.25,2972.45715184,BTC,alpha_vantage,2025-06-29 17:05:03.299936,btc,655694,4.52066207,467968,2025-06-29 17:05:04.117435,101303.523,99564.98721023573,42.26823618246715,-777.8871968753083,133.8016825055746,107603.99886653331,95003.0471334667,12600.951733066613
2025-02-09,96476.24,97342.28,94730.67,96475.82,3417.87009701,BTC,alpha_vantage,2025-06-29 17:05:03.299936,btc,630935,3.51064062,382701,2025-06-29 17:05:04.117435,101020.0425,99270.7808092609,42.26734787022476,-911.181367144367,-75.19492742441372,107645.30726008012,94394.77773991987,13250.529520160257
2025-02-10,96481.47,98367.23,95257.2,97444.41,6375.72539123,BTC,alpha_vantage,2025-06-29 17:05:03.299936,btc,784554,4.68166329,364185,2025-06-29 17:05:04.117435,100584.3,99096.84073218844,45.06784031022737,-927.9638496384141,-245.7487118672138,106941.13610678179,94227.46389321821,12713.67221356358
2025-02-11,97451.66,98500.0,94831.07,95774.08,7737.05105717,BTC,alpha_vantage,2025-06-29 17:05:03.299936,btc,778968,5.15076372,331657,2025-06-29 17:05:04.117435,100189.6485,98780.38732912288,41.343360266193926,-1063.7831296592485,-409.3555954256208,106709.86827030957,93669.42872969042,13040.439540619147
2025-02-12,95770.95,98119.98,94066.92,97862.53,9078.50356189,BTC,alpha_vantage,2025-06-29 17:05:03.299936,btc,713585,4.63539392,389778,2025-06-29 17:05:04.117435,99886.457,98692.97234539689,47.21690451708836,-991.4713618162059,-525.7787487037378,106245.39237050101,93527.52162949898,12717.870741002029
2025-02-13,97864.28,98100.0,95220.0,96625.29,6803.6078927,BTC,alpha_vantage,2025-06-29 17:05:03.299936,btc,752473,5.6391493,375861,2025-06-29 17:05:04.117435,99475.208,98496.05021726385,44.38159469952639,-1022.2152318899898,-625.0660453409882,105554.57558444403,93395.84041555597,12158.735168888059
2025-02-14,96625.29,98890.11,96268.56,97509.03,7744.67640105,BTC,alpha_vantage,2025-06-29 17:05:03.299936,btc,734111,4.73142402,341719,2025-06-29 17:05:04.117435,99113.98150000001,98402.04829181015,46.83724073893629,-964.1553553735575,-692.8839073475021,104742.47063332309,93485.49236667693,11256.978266646154
2025-02-15,97507.94,97997.85,97225.01,97596.94,1626.51929078,BTC,alpha_vantage,2025-06-29 17:05:03.299936,btc,651702,3.79531385,310167,2025-06-29 17:05:04.117435,98865.6785,98325.37131163775,47.08750792001806,-900.6665591812052,-734.4404377142428,104298.39510079706,93432.96189920293,10865.433201594133
2025-02-16,97596.54,97738.22,96057.68,96119.88,2174.29326885,BTC,alpha_vantage,2025-06-29 17:05:03.299936,btc,607272,4.41102585,306797,2025-06-29 17:05:04.117435,98568.5515,98115.3245200532,43.39140040745162,-958.4887666181894,-779.2501034950321,103918.8152771437,93218.2877228563,10700.5275542874
2025-02-17,96119.88,97050.64,95200.0,95781.8,3533.01273263,BTC,alpha_vantage,2025-06-29 17:05:03.299936,btc,722465,6.1755852,327916,2025-06-29 17:05:04.117435,98293.1415,97893.08408957194,42.56778219987877,-1019.8374617141963,-827.367575138865,103621.73045107664,92964.55254892336,10657.177902153286
2025-02-18,95781.8,96730.0,93333.0,95607.4,8867.39878431,BTC,alpha_vantage,2025-06-29 17:05:03.299936,btc,752996,4.63306895,429401,2025-06-29 17:05:04.117435,97886.149,97675.3998905651,42.12360173482562,-1070.1928500462382,-875.9326301203397,102705.32633688241,93066.9716631176,9638.354673764814
2025-02-19,95612.97,96880.0,95000.01,96632.03,6945.44897339,BTC,alpha_vantage,2025-06-29 17:05:03.299936,btc,680832,5.22946452,448514,2025-06-29 17:05:04.117435,97480.61850000001,97576.0313295589,45.70802541589739,-1015.7122813599708,-903.888560368266,101151.98328509236,93809.25371490767,7342.729570184689
2025-02-20,96632.03,98768.54,96419.07,98347.2,10582.84622768,BTC,alpha_vantage,2025-06-29 17:05:03.299936,btc,692965,5.29833123,482796,2025-06-29 17:05:04.117435,97277.4155,97649.475964839,51.16072801215616,-824.6303283281886,-888.0369139602506,100210.28118517963,94344.54981482038,5865.731370359252
2025-02-21,98347.2,99517.52,94721.92,96157.03,19298.23921958,BTC,alpha_vantage,2025-06-29 17:05:03.299936,btc,718521,5.74780813,454467,2025-06-29 17:05:04.117435,97054.0745,97507.33825390195,44.95227765637208,-840.2391648038174,-878.4773641289639,99586.56423923769,94521.58476076231,5064.979478475376
2025-02-22,96157.03,96982.52,95767.95,96582.12,7324.02366243,BTC,alpha_vantage,2025-06-29 17:05:03.299936,btc,629577,6.31048493,558602,2025-06-29 17:05:04.117435,96999.35449999999,97419.2222297208,46.31402056906393,-808.982621702904,-864.578415643752,99522.96058963922,94475.74841036076,5047.21217927846
2025-02-23,96578.49,96679.93,95243.91,96265.98,3787.84705335,BTC,alpha_vantage,2025-06-29 17:05:03.299936,btc,515136,12.02795183,574133,2025-06-29 17:05:04.117435,96739.64349999999,97309.38963641407,45.41425126786954,-800.4938472312206,-851.7615019612458,98231.79885319089,95247.48814680909,2984.3107063818024
2025-02-24,96266.23,96515.41,91300.0,91510.82,12644.0435007,BTC,alpha_vantage,2025-06-29 17:05:03.299936,btc,713984,13.48343678,511496,2025-06-29 17:05:04.117435,96425.432,96757.14490913654,34.543579272695695,-1164.0496638447803,-914.2191343379527,99085.68661072983,93765.17738927017,5320.509221459652
2025-02-25,91509.88,92549.99,85836.18,88583.74,31587.91715546,BTC,alpha_vantage,2025-06-29 17:05:03.299936,btc,837361,11.43713848,493632,2025-06-29 17:05:04.117435,96022.7025,95978.72539398068,29.81290852879893,-1669.1205781278259,-1065.1994230959274,100349.08112029207,91696.32387970792,8652.75724058415
2025-02-26,88583.17,89305.68,82111.12,84111.78,21568.55463119,BTC,alpha_vantage,2025-06-29 17:05:03.299936,btc,827083,10.84354772,398655,2025-06-29 17:05:04.117435,95400.06049999999,94848.54011836348,24.330674853929594,-2402.547641134457,-1332.6690667036335,102144.10229778747,88656.01870221252,13488.08359557495
2025-02-27,84111.77,86993.87,82554.11,84625.19,16836.55524727,BTC,alpha_vantage,2025-06-29 17:05:03.299936,btc,890859,8.39586217,326363,2025-06-29 17:05:04.117435,94804.46599999999,93874.88772613839,26.01280977381417,-2908.834740172315,-1647.9022013973697,102991.29522298135,86617.63677701862,16373.658445962734
2025-02-28,84627.5,85116.19,78167.81,84297.73,30755.74245077,BTC,alpha_vantage,2025-06-29 17:05:03.299936,btc,915297,6.78413458,388679,2025-06-29 17:05:04.117435,94195.54,92962.77746650616,25.621585685326437,-3298.471473148733,-1978.0160557476424,103526.15290369319,84864.9270963068,18661.225807386392
2025-03-01,84297.74,86534.96,83772.54,86018.76,6852.5441262,BTC,alpha_vantage,2025-06-29 17:05:03.299936,btc,796043,5.39872381,283151,2025-06-29 17:05:04.117435,93672.687,92301.44246969605,31.456314070351624,-3428.862856840802,-2268.1854159662744,103587.26449872027,83758.10950127975,19829.15499744052
2025-03-02,86018.82,95128.88,85003.35,94265.48,16751.22972996,BTC,alpha_vantage,2025-06-29 17:05:03.299936,btc,691454,5.68852873,271285,2025-06-29 17:05:04.117435,93513.74049999999,92488.49366305833,51.207859800619026,-2834.0879824475123,-2381.365929262522,103282.20470114773,83745.27629885224,19536.92840229548
2025-03-03,94265.47,94415.61,85007.01,86161.1,22691.67068614,BTC,alpha_vantage,2025-06-29 17:05:03.299936,btc,804674,5.96592865,372983,2025-06-29 17:05:04.117435,93033.09150000001,91885.88474276706,39.240646795237815,-2982.302220658501,-2501.5531875417178,103245.30166909157,82820.88133090845,20424.420338183118
2025-03-04,86161.09,88977.27,81444.0,87249.96,23130.37098654,BTC,alpha_vantage,2025-06-29 17:05:03.299936,btc,752956,5.26754788,302840,2025-06-29 17:05:04.117435,92502.463,91444.36810059876,41.227950149324535,-2977.577510189527,-2596.75805207128,102758.54396993438,82246.38203006562,20512.16193986876
2025-03-05,87247.93,91000.0,86329.22,90603.73,14900.93396554,BTC,alpha_vantage,2025-06-29 17:05:03.299936,btc,735786,4.7877807,306253,2025-06-29 17:05:04.117435,92201.385,91364.30732911316,46.98016752442164,-2672.4060987373086,-2611.8876614044857,102308.12047295,82094.64952704999,20213.470945900015
2025-03-06,90607.73,92817.29,87790.5,89921.85,13302.87500105,BTC,alpha_vantage,2025-06-29 17:05:03.299936,btc,825264,5.18656761,372699,2025-06-29 17:05:04.117435,91822.026,91226.9304406262,45.994501631174806,-2457.25190345438,-2580.960509814465,101669.63920273609,81974.41279726391,19695.226405472175
2025-03-07,89915.02,91280.0,84608.27,86756.98,27137.2022302,BTC,alpha_vantage,2025-06-29 17:05:03.299936,btc,863520,5.70866279,313867,2025-06-29 17:05:04.117435,91280.028,90801.22087485227,41.62891267605532,-2513.1491931506025,-2567.3982464816922,100988.86162292455,81571.19437707546,19417.667245849094
2025-03-08,86753.3,86863.38,85200.0,86206.69,3023.2478665,BTC,alpha_vantage,2025-06-29 17:05:03.299936,btc,673352,4.33431507,291511,2025-06-29 17:05:04.117435,90784.3685,90363.64650581872,40.90196767534611,-2572.201266922275,-2568.358850569809,100466.39593096389,81102.3410690361,19364.054861927783
2025-03-09,86206.64,86480.0,80000.0,80699.17,7565.44749561,BTC,alpha_vantage,2025-06-29 17:05:03.299936,btc,664954,4.36458492,302935,2025-06-29 17:05:04.117435,90030.237,89443.22017193121,34.42301838244563,-3028.500626522058,-2660.387205760259,100365.33154887619,79695.1424511238,20670.189097752387
2025-03-10,80708.21,84033.66,77389.0,78544.71,21375.10120997,BTC,alpha_vantage,2025-06-29 17:05:03.299936,btc,800739,5.30315769,441520,2025-06-29 17:05:04.117435,89177.10250000001,88405.26682222348,32.26963448197465,-3523.353052117076,-2832.9803750316223,100315.56478622612,78038.64021377389,22276.924572452233
2025-03-11,78548.18,83600.0,76555.0,82914.51,17096.37980265,BTC,alpha_vantage,2025-06-29 17:05:03.299936,btc,782819,6.09165522,379790,2025-06-29 17:05:04.117435,88491.2265,87882.33760105933,40.41181091001149,-3522.317738242884,-2970.8478476738746,99395.92561140779,77586.52738859222,21809.398222815566
2025-03-12,82911.81,84442.69,80572.21,83659.43,12612.03125479,BTC,alpha_vantage,2025-06-29 17:05:03.299936,btc,745460,5.18131301,432621,2025-06-29 17:05:04.117435,87756.838,87480.15592476797,41.698488280260804,-3421.942404144953,-3061.0667589680907,97856.16300672946,77657.51299327055,20198.650013458915
2025-03-13,83659.45,84310.8,79890.0,81073.43,10504.15100874,BTC,alpha_vantage,2025-06-29 17:05:03.299936,btc,764889,5.53267484,529277,2025-06-29 17:05:04.117435,87002.658,86869.99155098054,38.583777079648506,-3510.5948642774165,-3150.972380029956,96725.93723457262,77279.37876542738,19446.55846914524
2025-03-14,81071.5,85318.61,80771.17,83980.49,10857.45703924,BTC,alpha_vantage,2025-06-29 17:05:03.299936,btc,779781,5.4727813,441947,2025-06-29 17:05:04.117435,86372.5765,86594.80092707764,43.67700781510783,-3308.142918634432,-3182.4064877508517,95114.86623033142,77630.28676966857,17484.579460662848
2025-03-15,83989.86,84690.43,83612.24,84351.46,2331.92028578,BTC,alpha_vantage,2025-06-29 17:05:03.299936,btc,663845,4.98328639,472408,2025-06-29 17:05:04.117435,85776.8505,86381.1494102131,44.31167187409464,-3082.2340390721656,-3162.371998015115,93276.7950117485,78276.9059882515,14999.889023497002
2025-03-16,84351.45,85092.35,81969.44,82562.57,4059.89765099,BTC,alpha_vantage,2025-06-29 17:05:03.299936,btc,682615,4.1094162,468961,2025-06-29 17:05:04.117435,85329.438,86017.47518066899,41.86200120832749,-3012.818204212017,-3132.4612392544955,92466.60091532087,78192.27508467912,14274.325830641756
2025-03-17,82562.5,84758.46,82416.98,84011.4,7785.97733364,BTC,alpha_vantage,2025-06-29 17:05:03.299936,btc,777796,4.6979143,382454,2025-06-29 17:05:04.117435,85100.82100000001,85826.42040155765,44.536340843303066,-2808.5222856838373,-3067.673448540364,92097.91897569849,78103.72302430154,13994.195951396949
2025-03-18,84011.39,84029.67,81125.0,82698.76,7316.63296603,BTC,alpha_vantage,2025-06-29 17:05:03.299936,btc,728748,4.41816966,367012,2025-06-29 17:05:04.117435,85030.17,85528.54798236169,42.62333288878439,-2721.167451672489,-2998.372249166789,92094.00414414068,77966.33585585932,14127.668288281362
2025-03-19,82699.53,87045.45,82535.53,86877.96,13053.65803714,BTC,alpha_vantage,2025-06-29 17:05:03.299936,btc,757656,5.36175403,438484,2025-06-29 17:05:04.117435,85142.80850000001,85657.06341261296,49.98882112302659,-2288.3331235818623,-2856.364424049804,92248.9373270013,78036.67967299873,14212.257654002577
2025-03-20,86877.97,87492.87,83596.75,84183.42,9880.31696275,BTC,alpha_vantage,2025-06-29 17:05:03.299936,btc,813034,5.56172012,341253,2025-06-29 17:05:04.117435,85137.09300000001,85516.71642093554,45.89777809093702,-2138.089098740689,-2712.709358987981,92246.11473036007,78028.07126963994,14218.043460720131
2025-03-21,84183.41,84809.72,83100.0,84061.96,6257.63558757,BTC,alpha_vantage,2025-06-29 17:05:03.299936,btc,769088,4.94804017,318682,2025-06-29 17:05:04.117435,85039.253,85378.16819037026,45.716157869172434,-2005.6999727398797,-2571.307481738361,92150.90640508743,77927.59959491256,14223.306810174865
2025-03-22,84061.96,84517.75,83659.69,83852.03,2108.51345069,BTC,alpha_vantage,2025-06-29 17:05:03.299936,btc,644074,9.82052173,412886,2025-06-29 17:05:04.117435,84518.58050000001,85232.82169604929,45.38190039247989,-1895.8658714829508,-2436.219159687279,90241.2076505583,78795.95334944173,11445.254301116569
2025-03-23,83852.06,86128.99,83804.67,86092.94,3467.46945277,BTC,alpha_vantage,2025-06-29 17:05:03.299936,btc,610837,5.90796058,542672,2025-06-29 17:05:04.117435,84515.1725,85314.73772499697,49.61669769859209,-1609.4461525895458,-2270.8645582677327,90233.96280494412,78796.38219505588,11437.580609888246
2025-03-24,86092.95,88804.64,85533.06,87523.62,13107.50391644,BTC,alpha_vantage,2025-06-29 17:05:03.299936,btc,809888,6.22306624,481825,2025-06-29 17:05:04.117435,84528.8555,85525.10746547345,52.16663639144329,-1252.573653142128,-2067.206377242612,90274.99789224776,78782.71310775225,11492.28478449551
2025-03-25,87518.09,88584.34,86321.97,87427.88,10153.98312373,BTC,alpha_vantage,2025-06-29 17:05:03.299936,btc,725387,13.34504035,499703,2025-06-29 17:05:04.117435,84370.063,85706.32389733313,51.97705731708921,-966.33572732842,-1847.0322472597736,89587.08712606381,79153.03887393618,10434.048252127628
2025-03-26,87432.82,88304.1,85850.0,86926.01,6885.71986041,BTC,alpha_vantage,2025-06-29 17:05:03.299936,btc,759292,9.48009417,518025,2025-06-29 17:05:04.117435,84220.271,85822.4844785395,50.93216344192807,-771.0980848552426,-1631.8454147788675,88939.34881177254,79501.19318822745,9438.155623545084
2025-03-27,87429.61,87474.54,87108.87,87217.48,261.49922823,BTC,alpha_vantage,2025-06-29 17:05:03.299936,btc,778898,5.19765756,435123,2025-06-29 17:05:04.117435,84243.296,85955.34119486906,51.541445319161326,-586.095509300998,-1422.6954336832937,89015.84758577295,79470.74441422705,9545.103171545896
2025-03-28,87214.07,87498.15,83533.4,84381.8,10031.80008987,BTC,alpha_vantage,2025-06-29 17:05:03.299936,btc,830965,6.19616007,395973,2025-06-29 17:05:04.117435,84152.0515,85805.48012869105,45.607957969539456,-660.6794115385419,-1270.2922292543435,88839.99346588427,79464.10953411573,9375.883931768534
2025-03-29,84381.81,84584.13,81608.99,82616.83,3194.24303663,BTC,alpha_vantage,2025-06-29 17:05:03.299936,btc,665765,4.10333659,292760,2025-06-29 17:05:04.117435,84247.9345,85501.79916405381,42.34075009842318,-852.3803103111131,-1186.7098454656975,88723.08014645072,79772.78885354928,8950.291292901442
2025-03-30,82624.06,83508.98,81538.88,82379.98,2472.72302228,BTC,alpha_vantage,2025-06-29 17:05:03.299936,btc,611195,3.18640344,303321,2025-06-29 17:05:04.117435,84439.698,85204.48305319154,41.90689731171614,-1011.753603533929,-1151.718597079344,88191.00876565937,80688.38723434064,7502.621531318728
2025-03-31,82379.98,83920.8,81265.16,82534.32,6887.94694226,BTC,alpha_vantage,2025-06-29 17:05:03.299936,btc,770064,4.92728411,319360,2025-06-29 17:05:04.117435,84420.6885,84950.18181003044,42.32164739474046,-1112.77674091894,-1143.9302258472633,88206.41701558308,80634.95998441693,7571.457031166152
2025-04-01,82534.31,85566.53,82403.32,85170.37,9130.97692565,BTC,alpha_vantage,2025-06-29 17:05:03.299936,btc,807365,4.29156676,352343,2025-06-29 17:05:04.117435,84496.2355,84971.15211383706,49.01664126047279,-968.961515326926,-1108.9364837431958,88278.4851700227,80713.98582997729,7564.499340045411
2025-04-02,85166.92,88530.0,82283.01,82490.08,16748.28262337,BTC,alpha_vantage,2025-06-29 17:05:03.299936,btc,769838,4.52284032,404621,2025-06-29 17:05:04.117435,84567.068,84734.85953156686,43.48911593803412,-1059.0557800018287,-1098.9603429949225,88137.38396277302,80996.75203722698,7140.63192554604
2025-04-03,82490.1,83953.45,81177.7,83174.33,11800.91106566,BTC,alpha_vantage,2025-06-29 17:05:03.299936,btc,792583,5.67861357,395213,2025-06-29 17:05:04.117435,84526.76000000001,84586.23767141764,45.18844322985274,-1062.9893972826976,-1091.7661538524776,88140.59262090096,80912.92737909906,7227.6652418019075
2025-04-04,83178.68,84720.67,81643.54,83860.16,14593.03092888,BTC,alpha_vantage,2025-06-29 17:05:03.299936,btc,820433,5.56761572,422793,2025-06-29 17:05:04.117435,84502.195,84517.0874169969,46.91162356708554,-999.2473664083664,-1073.2623963636554,88127.1222474062,80877.26775259382,7249.8544948123745
2025-04-05,83859.78,84238.35,82346.61,83498.25,2836.42920662,BTC,alpha_vantage,2025-06-29 17:05:03.299936,btc,736838,4.46771255,294122,2025-06-29 17:05:04.117435,84548.979,84420.05528204482,46.08821148239339,-966.7899078440532,-1051.967898659735,88095.8783026084,81002.07969739161,7093.7986052167835
2025-04-06,83505.88,83773.58,77058.99,78370.75,11014.8594773,BTC,alpha_vantage,2025-06-29 17:05:03.299936,btc,645459,4.14241203,272974,2025-06-29 17:05:04.117435,84266.94649999999,83843.93096946912,36.352621475213304,-1339.3740652897395,-1109.449131985736,88721.0041801001,79812.88881989988,8908.11536020023
2025-04-07,78370.15,81223.67,74420.69,79140.01,26706.52930797,BTC,alpha_vantage,2025-06-29 17:05:03.299936,btc,791618,7.47149574,315963,2025-06-29 17:05:04.117435,84089.00899999999,83395.93849618634,38.453158572891404,-1554.655737758134,-1198.4904531402155,89036.45648302432,79141.56151697566,9894.894966048654
2025-04-08,79140.02,80849.98,76167.35,76251.64,14917.02351692,BTC,alpha_vantage,2025-06-29 17:05:03.299936,btc,736263,7.04955975,360926,2025-06-29 17:05:04.117435,83557.693,82715.52911559716,33.92580553251341,-1936.0181223102118,-1345.995986974215,89395.26705625074,77720.11894374926,11675.148112501483
2025-04-09,76258.8,83583.35,74553.01,82594.75,23584.94464084,BTC,alpha_vantage,2025-06-29 17:05:03.299936,btc,743091,5.68968651,320082,2025-06-29 17:05:04.117435,83478.2595,82704.02634268315,48.31693044849299,-1706.7403538275248,-1418.144860344877,89322.84478272681,77633.67421727319,11689.17056545362
2025-04-10,82593.15,82730.93,78387.24,79552.34,11876.12778689,BTC,alpha_vantage,2025-06-29 17:05:03.299936,btc,745006,5.14311407,315731,2025-06-29 17:05:04.117435,83252.7785,82403.86573861809,43.430842294070665,-1750.3561152291077,-1484.5871113217233,89333.09411113228,77172.46288886773,12160.63122226455
2025-04-11,79552.34,84299.0,78919.94,83380.47,9964.68703141,BTC,alpha_vantage,2025-06-29 17:05:03.299936,btc,762968,7.66442398,412324,2025-06-29 17:05:04.117435,83229.2005,82496.87566827351,50.24831457988356,-1459.2030380909855,-1479.5102966755758,89303.69264292247,77154.70835707754,12148.984285844926
2025-04-12,83379.64,85909.97,82765.26,85271.01,3972.49282052,BTC,alpha_vantage,2025-06-29 17:05:03.299936,btc,651244,5.50157395,413756,2025-06-29 17:05:04.117435,83188.104,82761.07893796175,53.245093713154425,-1063.6502507253172,-1396.3382874855242,89195.2909895371,77180.91701046292,12014.373979074182
2025-04-13,85271.02,86092.99,83010.0,83733.07,3904.15929557,BTC,alpha_vantage,2025-06-29 17:05:03.299936,btc,599557,4.14972777,448011,2025-06-29 17:05:04.117435,82998.5765,82853.64951529872,50.576199644868744,-864.3075227240042,-1289.9321345332203,88676.8394936644,77320.31350633559,11356.525987328816
2025-04-14,83733.07,85818.06,83655.27,84590.36,7247.02343319,BTC,alpha_vantage,2025-06-29 17:05:03.299936,btc,731158,6.42356669,448201,2025-06-29 17:05:04.117435,82856.7005,83019.05051384169,52.01992864063134,-629.8898580765381,-1157.923679241884,88218.15221300337,77495.24878699664,10722.903426006727
2025-04-15,84590.36,86491.4,83592.77,83629.78,6460.94144192,BTC,alpha_vantage,2025-06-29 17:05:03.299936,btc,764894,5.74167627,435581,2025-06-29 17:05:04.117435,82691.889,83077.21522680914,50.24873855903351,-515.6785269929096,-1029.474648792089,87736.11218796895,77647.66581203105,10088.4463759379
2025-04-16,83622.52,85526.4,83088.02,84028.72,8243.05901273,BTC,alpha_vantage,2025-06-29 17:05:03.299936,btc,715957,5.83564021,512698,2025-06-29 17:05:04.117435,82532.451,83167.83472901779,50.99500598701926,-388.49576301577326,-901.2788716368259,87180.43274601876,77884.46925398124,9295.963492037525
2025-04-17,84028.71,85494.94,83711.69,84961.97,5862.46405539,BTC,alpha_vantage,2025-06-29 17:05:03.299936,btc,734302,6.04852215,555992,2025-06-29 17:05:04.117435,82561.4595,83338.70475482562,52.779424673757234,-209.97655177424895,-763.0184076643105,87262.18949740962,77860.72950259037,9401.459994819248
2025-04-18,84961.97,85150.94,84287.06,84466.47,1884.03911217,BTC,alpha_vantage,2025-06-29 17:05:03.299936,btc,669757,5.31676956,512005,2025-06-29 17:05:04.117435,82653.9415,83446.11096865176,51.70295419502982,-107.24524323147489,-631.8637747777434,87427.6036843003,77880.2793156997,9547.324368600588
2025-04-19,84466.47,85625.0,84353.45,85074.99,1683.18995187,BTC,alpha_vantage,2025-06-29 17:05:03.299936,btc,618431,6.34043577,548341,2025-06-29 17:05:04.117435,82788.69200000001,83601.24230497064,52.97152368375951,23.007323213518248,-500.8895551794911,87674.64165671893,77902.74234328109,9771.89931343784
2025-04-20,85074.59,85319.21,83972.82,85177.34,1812.14325365,BTC,alpha_vantage,2025-06-29 17:05:03.299936,btc,563502,5.55323301,468036,2025-06-29 17:05:04.117435,82920.843,83751.34684735439,53.1942086819076,132.95953540586925,-374.11973706241906,87913.921742769,77927.76425723099,9986.157485538017
2025-04-21,85177.33,88575.62,85135.98,87522.07,12581.69779747,BTC,alpha_vantage,2025-06-29 17:05:03.299936,btc,680575,6.41246794,437926,2025-06-29 17:05:04.117435,83038.428,84110.46333808254,58.09014627938698,404.6332112214586,-218.36914740564353,88339.15568956788,77737.70031043212,10601.455379135761
2025-04-22,87513.53,93952.62,87077.17,93489.1,19460.09432868,BTC,alpha_vantage,2025-06-29 17:05:03.299936,btc,792265,6.39689005,514191,2025-06-29 17:05:04.117435,83588.379,85003.66682969373,67.42772772276892,1088.874145706941,43.07951121687335,90564.84670033687,76611.91129966313,13952.935400673741
2025-04-23,93486.57,94686.0,91902.19,93740.92,12538.03891773,BTC,alpha_vantage,2025-06-29 17:05:03.299936,btc,716670,11.38810925,425004,2025-06-29 17:05:04.117435,84116.7085,85835.7861792467,67.7542459847376,1632.6397308940504,360.9915551523088,92371.10755553508,75862.3094444649,16508.79811107018
2025-04-24,93740.93,94061.02,91685.18,94021.96,9318.65682559,BTC,alpha_vantage,2025-06-29 17:05:03.299936,btc,771761,8.78504718,460328,2025-06-29 17:05:04.117435,84624.7985,86615.42178122321,68.1381241070513,2062.480463095999,701.2893367410469,93936.73277837088,75312.86422162913,18623.86855674174
2025-04-25,94021.97,95976.34,92880.01,94708.79,14147.35380158,BTC,alpha_vantage,2025-06-29 17:05:03.299936,btc,818112,6.04167583,385154,2025-06-29 17:05:04.117435,85185.3255,87386.21875444005,69.10608881213643,2430.5360742160847,1047.1386842360546,95458.53885043843,74912.11214956158,20546.42670087685
2025-04-26,94707.79,95273.52,93903.01,94666.64,2253.98942317,BTC,alpha_vantage,2025-06-29 17:05:03.299936,btc,636351,4.46749753,330013,2025-06-29 17:05:04.117435,86000.12,88079.59220639814,68.9676153991785,2687.8379225384706,1375.278531896538,96563.01398390645,75437.22601609354,21125.78796781291
2025-04-27,94666.64,95351.11,93654.77,93780.57,2304.93789541,BTC,alpha_vantage,2025-06-29 17:05:03.299936,btc,614897,5.15850616,432684,2025-06-29 17:05:04.117435,86732.148,88622.54247245546,65.97477777024486,2788.1134114230954,1657.8455078018496,97321.11055268622,76143.18544731378,21177.925105372444
2025-04-28,93780.56,95652.66,92829.44,95042.57,7347.77103346,BTC,alpha_vantage,2025-06-29 17:05:03.299936,btc,801464,6.65662833,421997,2025-06-29 17:05:04.117435,87671.69450000001,89233.97366555495,68.09816689903089,2935.575821102815,1913.3915704620429,97693.64793311604,77649.74106688399,20043.90686623205
2025-04-29,95042.56,95499.0,93761.26,94271.09,5979.42521239,BTC,alpha_vantage,2025-06-29 17:05:03.299936,btc,738376,6.24269494,466125,2025-06-29 17:05:04.117435,88255.5115,89713.69903074019,65.41079336308556,2956.1126284461498,2121.9357820588643,98386.2327260262,78124.79027397379,20261.442452052404
2025-04-30,94271.08,95263.74,92911.88,94182.54,6511.24661593,BTC,alpha_vantage,2025-06-29 17:05:03.299936,btc,797218,6.58453638,344716,2025-06-29 17:05:04.117435,88987.0215,90139.30293257446,65.0932688394991,2931.4510088040697,2283.8388274079057,98597.84766507748,79376.19533492252,19221.65233015496
2025-05-01,94182.55,97546.99,94136.79,96524.98,8333.27177503,BTC,alpha_vantage,2025-06-29 17:05:03.299936,btc,783416,5.44203945,330132,2025-06-29 17:05:04.117435,89644.247,90747.46265328165,69.33407583088587,3065.58368847135,2440.1877996205944,99427.78817224692,79860.70582775309,19567.08234449383
2025-05-02,96524.98,97948.56,96369.69,96929.81,5709.61012071,BTC,alpha_vantage,2025-06-29 17:05:03.299936,btc,931165,5.59466532,380180,2025-06-29 17:05:04.117435,90227.187,91336.2576386834,70.01214442971826,3168.0320991682675,2585.756659530129,100284.48519426722,80169.88880573279,20114.59638853444
2025-05-03,96929.81,96974.78,95765.13,95861.33,2077.55675998,BTC,alpha_vantage,2025-06-29 17:05:03.299936,btc,686500,3.90478799,389316,2025-06-29 17:05:04.117435,90833.6,91767.21691118974,65.87216749453714,3126.9601463049476,2693.997356885093,100712.48163756842,80954.7183624316,19757.763275136822
2025-05-04,95865.47,96312.51,94151.67,94272.55,2834.39686495,BTC,alpha_vantage,2025-06-29 17:05:03.299936,btc,613491,3.3828386,345861,2025-06-29 17:05:04.117435,91317.70950000001,92005.82006250501,60.17423656083702,2932.40610749404,2741.6791070068825,100868.86234445315,81766.55665554687,19102.305688906286
2025-05-05,94272.54,95218.82,93500.01,94733.99,5180.15893934,BTC,alpha_vantage,2025-06-29 17:05:03.299936,btc,758965,5.18166695,401820,2025-06-29 17:05:04.117435,91872.92000000001,92265.64577083787,61.22334816778905,2783.370024579577,2750.0172905214217,100845.36829198846,82900.47170801157,17944.896583976893
2025-05-06,94733.99,96916.25,93363.28,96839.17,6163.86755769,BTC,alpha_vantage,2025-06-29 17:05:03.299936,btc,787857,5.29476865,335143,2025-06-29 17:05:04.117435,92513.4425,92701.21950694855,65.66689121528057,2802.8191331271664,2760.5776590425708,100968.6293781761,84058.2556218239,16910.3737563522
2025-05-07,96843.84,97738.05,95800.0,97058.32,8326.90882779,BTC,alpha_vantage,2025-06-29 17:05:03.299936,btc,846613,6.6552108,343041,2025-06-29 17:05:04.117435,93118.26000000001,93116.18145866774,66.10236835681914,2803.598131184379,2769.1817534709326,101039.95194212993,85196.56805787008,15843.383884259849
2025-05-08,97058.33,104176.05,96888.25,103253.49,15378.0851355,BTC,alpha_vantage,2025-06-29 17:05:03.299936,btc,852697,6.49199029,371373,2025-06-29 17:05:04.117435,94057.611,94081.6394149851,75.54536531988546,3266.4602164863463,2868.6374460740153,102107.30449795147,86007.91750204854,16099.386995902925
2025-05-09,103252.2,104352.6,102330.76,102986.96,7318.16790891,BTC,alpha_vantage,2025-06-29 17:05:03.299936,btc,863281,6.85207179,335574,2025-06-29 17:05:04.117435,94953.2095,94929.76518498652,74.5827419650223,3570.6151811361924,3009.032993086451,102788.91862074874,87117.50037925126,15671.418241497478
2025-05-10,102986.94,104997.0,102831.41,104821.19,3104.17143581,BTC,alpha_vantage,2025-06-29 17:05:03.299936,btc,664831,4.39129382,326973,2025-06-29 17:05:04.117435,95935.402,95871.80564355923,76.77594572927032,3914.542800948635,3190.134954658888,103544.69972910943,88326.10427089057,15218.595458218857
2025-05-11,104817.83,104980.89,103360.22,104137.62,3055.11580217,BTC,alpha_vantage,2025-06-29 17:05:03.299936,btc,615305,3.382963,280245,2025-06-29 17:05:04.117435,96766.1795,96659.02605845834,74.20611873283745,4084.861787400543,3369.080321207219,104144.46465765449,89387.8943423455,14756.570315308985
2025-05-12,104137.58,105787.37,100703.71,102800.21,11005.25730989,BTC,alpha_vantage,2025-06-29 17:05:03.299936,btc,758453,13.32397413,385997,2025-06-29 17:05:04.117435,97231.735,97243.90071955755,69.31748222090489,4065.0634800634434,3508.276952978464,104893.73075688121,89569.73924311879,15323.99151376242
2025-05-13,102800.22,105038.53,101447.78,104131.06,8727.62104466,BTC,alpha_vantage,2025-06-29 17:05:03.299936,btc,808191,5.99850038,289432,2025-06-29 17:05:04.117435,97751.242,97899.82065102826,71.34078791039394,4109.391148331371,3628.499792049046,105795.47024791474,89707.01375208526,16088.45649582948
2025-05-14,104131.2,104373.0,102603.27,103545.38,7628.28115726,BTC,alpha_vantage,2025-06-29 17:05:03.299936,btc,790244,7.14039545,325951,2025-06-29 17:05:04.117435,98227.413,98437.49296997795,69.17876987883665,4050.569222919279,3712.913678223093,106457.57405584147,89997.25194415853,16460.322111682937
2025-05-15,103540.91,104200.0,101400.01,103786.43,7563.00946962,BTC,alpha_vantage,2025-06-29 17:05:03.299936,btc,754318,5.49743468,373943,2025-06-29 17:05:04.117435,98681.295,98946.91554426576,69.58728489896737,3977.5523956258257,3765.8414217036398,107084.62219602334,90277.96780397666,16806.65439204668
2025-05-16,103786.4,104616.71,103125.51,103500.03,6881.58784289,BTC,alpha_vantage,2025-06-29 17:05:03.299936,btc,829195,12.42293897,365949,2025-06-29 17:05:04.117435,99122.9645,99380.54549243093,68.4268121935356,3852.1705235796544,3783.107242078843,107564.30151618081,90681.62748381919,16882.674032361625
2025-05-17,103500.03,103741.98,102612.0,103161.07,1848.95251021,BTC,alpha_vantage,2025-06-29 17:05:03.299936,btc,740377,7.03352172,293931,2025-06-29 17:05:04.117435,99591.9895,99740.59544553274,67.00265742978027,3682.997939798981,3763.0853816228705,107833.91016361624,91350.06883638375,16483.841327232483
2025-05-18,103162.53,106692.97,103130.95,106473.46,4130.60889099,BTC,alpha_vantage,2025-06-29 17:05:03.299936,btc,601421,5.94891823,641273,2025-06-29 17:05:04.117435,100163.534,100381.82064119629,72.93153189000176,3772.720070001611,3765.012319298619,108646.10952011778,91680.95847988222,16965.151040235563
2025-05-19,106488.77,107137.68,102105.0,105616.18,10104.32339011,BTC,alpha_vantage,2025-06-29 17:05:03.299936,btc,718046,6.88530427,583361,2025-06-29 17:05:04.117435,100730.7885,100880.33105632046,69.45334917447983,3731.634216798513,3758.336698798598,109077.58831819717,92383.98868180282,16693.599636394356
2025-05-20,105616.21,107355.0,104209.18,106883.24,8804.35789335,BTC,alpha_vantage,2025-06-29 17:05:03.299936,btc,739140,7.27756634,559405,2025-06-29 17:05:04.117435,101365.82350000001,101452.03667000422,71.60853181603255,3757.99471110609,3758.2683012600965,109554.26716217273,93177.37983782729,16376.887324345444
2025-05-21,106883.24,110788.98,106128.14,109699.54,18333.91491262,BTC,alpha_vantage,2025-06-29 17:05:03.299936,btc,796779,7.90587525,424978,2025-06-29 17:05:04.117435,102024.5515,102237.51317762287,75.71060654267458,3960.483477744725,3798.711336557022,110656.95164589319,93392.15135410681,17264.800291786378
2025-05-22,109697.19,112000.0,109217.23,111722.53,11250.38756124,BTC,alpha_vantage,2025-06-29 17:05:03.299936,btc,868642,8.10750052,471085,2025-06-29 17:05:04.117435,102764.1875,103140.84811308736,78.1524507266825,4235.372927643984,3886.043654774415,112035.05400943485,93493.32099056515,18541.73301886971
2025-05-23,111722.54,111824.07,106800.01,107329.61,9638.23489571,BTC,alpha_vantage,2025-06-29 17:05:03.299936,btc,809410,6.08910519,445109,2025-06-29 17:05:04.117435,103337.6015,103539.77781660284,63.2764102125619,4052.0434319508786,3919.2436102097076,112241.11089584033,94434.09210415967,17807.01879168066
2025-05-24,107332.08,109517.79,106895.77,107794.01,2611.3560546,BTC,alpha_vantage,2025-06-29 17:05:03.299936,btc,644711,5.13846292,389251,2025-06-29 17:05:04.117435,104013.6745,103944.94278645019,64.05534775766091,3899.2782323970023,3915.2505346471667,112074.7578242651,95952.59117573488,16122.166648530227
2025-05-25,107794.01,109371.04,106632.35,109048.68,2996.9984274,BTC,alpha_vantage,2025-06-29 17:05:03.299936,btc,625162,4.14588679,357724,2025-06-29 17:05:04.117435,104729.409,104431.01299726446,66.1446750741097,3835.241814143723,3899.248790546478,111855.39721609201,97603.42078390799,14251.97643218402
2025-05-26,109048.41,110474.41,108706.04,109464.32,4641.37953944,BTC,alpha_vantage,2025-06-29 17:05:03.299936,btc,745729,4.96133555,352991,2025-06-29 17:05:04.117435,105360.6665,104910.37556895356,66.83246823884582,3774.520838997778,3874.303200236738,111780.82740692573,98940.50559307428,12840.32181385145
2025-05-27,109464.33,110829.42,107536.41,108978.46,8827.06474254,BTC,alpha_vantage,2025-06-29 17:05:03.299936,btc,706571,5.79600318,424640,2025-06-29 17:05:04.117435,105956.67349999999,105297.81218143417,65.16587508351843,3645.1748802481306,3828.477536239017,111307.32422445748,100606.0227755425,10701.30144891498
2025-05-28,108978.45,109344.89,106790.16,107819.29,6472.90543401,BTC,alpha_vantage,2025-06-29 17:05:03.299936,btc,782052,7.99481868,540056,2025-06-29 17:05:04.117435,106184.9635,105537.95292605949,61.24202585068593,3409.8255976921646,3744.747148529647,111443.61596208737,100926.31103791263,10517.304924174736
2025-05-29,107819.26,108943.35,105315.0,105572.58,9298.23507793,BTC,alpha_vantage,2025-06-29 17:05:03.299936,btc,765279,5.34398452,390670,2025-06-29 17:05:04.117435,106314.2445,105541.25074262526,54.40432529152684,3007.3519934367214,3597.268117511062,111375.48237646715,101253.00662353286,10122.47575293429
2025-05-30,105572.58,106377.66,103634.48,104033.26,7866.16241154,BTC,alpha_vantage,2025-06-29 17:05:03.299936,btc,834229,5.88312328,389971,2025-06-29 17:05:04.117435,106274.848,105397.63257666095,50.263562314425485,2534.95709559058,3384.8059131269656,111393.89637007724,101155.79962992275,10238.096740154491
2025-05-31,104033.0,104965.5,103110.01,104645.87,2403.60824408,BTC,alpha_vantage,2025-06-29 17:05:03.299936,btc,711975,4.01331725,300176,2025-06-29 17:05:04.117435,106300.2605,105326.03614078848,51.83472389283743,2184.827906730032,3144.810311847579,111381.52394472176,101218.99705527825,10162.526889443514
2025-06-01,104645.87,105937.46,103800.81,105697.94,2369.92891564,BTC,alpha_vantage,2025-06-29 17:05:03.299936,btc,689965,3.46803334,254662,2025-06-29 17:05:04.117435,106445.147,105361.45555595148,54.49340213047446,1969.5376544121682,2909.7557803604973,111278.13335416764,101612.16064583235,9665.972708335292
2025-06-02,105697.93,106000.0,103685.23,105904.94,5818.58522452,BTC,alpha_vantage,2025-06-29 17:05:03.299936,btc,771787,4.72198068,348163,2025-06-29 17:05:04.117435,106533.84099999999,105413.2159791942,55.0194998253682,1794.930902260996,2686.790804740597,111257.57422583764,101810.10777416233,9447.466451675311
2025-06-03,105909.79,106901.68,104910.01,105447.82,6486.4597778,BTC,alpha_vantage,2025-06-29 17:05:03.299936,btc,864048,4.89837962,360069,2025-06-29 17:05:04.117435,106628.96300000002,105416.51160022333,53.547275562586165,1601.2102741965646,2469.6746986317908,111181.67332486482,102076.25267513521,9105.42064972961
2025-06-04,105443.95,106058.47,104202.0,104753.38,4505.03599201,BTC,alpha_vantage,2025-06-29 17:05:03.299936,btc,720304,4.61248281,332769,2025-06-29 17:05:04.117435,106677.31049999999,105353.35620972587,51.30144930093315,1375.7905197392975,2250.8978628532923,111127.63463716861,102226.98636283138,8900.648274337233
2025-06-05,104753.37,105999.68,100345.73,101570.2,10615.73387107,BTC,alpha_vantage,2025-06-29 17:05:03.299936,btc,781431,4.95396644,321208,2025-06-29 17:05:04.117435,106580.81899999999,104993.0556183234,42.50193616653054,929.5721876745956,1986.6327278175531,111373.06646275509,101788.57153724489,9584.494925510196
2025-06-06,101570.2,105439.01,101132.91,104397.99,9674.99998609,BTC,alpha_vantage,2025-06-29 17:05:03.299936,btc,781673,4.3574863,296656,2025-06-29 17:05:04.117435,106642.665,104936.3827022926,50.60713811521875,794.9562045734783,1748.2974231687383,111286.40787374598,101998.92212625401,9287.48574749197
2025-06-07,104398.0,106000.0,103969.7,105619.02,4141.10124271,BTC,alpha_vantage,2025-06-29 17:05:03.299936,btc,653737,3.27860352,290519,2025-06-29 17:05:04.117435,106599.943,105001.39577826473,53.64567652152996,777.8326143424201,1554.2044614034749,111264.80001293519,101935.08598706481,9329.714025870373
2025-06-08,105619.02,106548.9,105028.3,105784.4,1998.61011035,BTC,alpha_vantage,2025-06-29 17:05:03.299936,btc,611460,3.33871583,323313,2025-06-29 17:05:04.117435,106608.354,105075.96760890618,54.0579188107288,768.7452132856997,1397.11261177992,111266.68762055389,101950.02037944613,9316.66724110776
2025-06-09,105784.41,110651.12,105368.27,110301.15,6581.17607855,BTC,alpha_vantage,2025-06-29 17:05:03.299936,btc,744523,4.9822096,354588,2025-06-29 17:05:04.117435,106779.24949999999,105573.6040271056,63.583443727755714,1113.1753667223384,1340.3251627684037,111708.29474524024,101850.20425475974,9858.090490480507
2025-06-10,110299.69,110420.08,108362.14,110300.24,5433.45970171,BTC,alpha_vantage,2025-06-29 17:05:03.299936,btc,824315,5.19489238,421700,2025-06-29 17:05:04.117435,106809.2845,106023.75983404792,63.580583485726216,1370.2696992812707,1346.314070070977,111815.85359710288,101802.71540289711,10013.138194205763
2025-06-11,110300.25,110435.05,108091.74,108669.37,4603.3324446,BTC,alpha_vantage,2025-06-29 17:05:03.299936,btc,755087,4.81375031,349470,2025-06-29 17:05:04.117435,106656.62650000001,106275.72270699573,58.50146746662256,1425.983382063554,1362.2479324694925,111221.32841896664,102091.92458103338,9129.403837933263
2025-06-12,108673.77,108853.74,105706.78,105721.05,5733.99212646,BTC,alpha_vantage,2025-06-29 17:05:03.299936,btc,780705,4.88265326,424933,2025-06-29 17:05:04.117435,106576.19849999998,106222.8967349009,50.627555726256745,1218.1895622255834,1333.4362584207108,111147.31524271151,102005.08175728846,9142.233485423058
2025-06-13,105716.45,106233.0,102746.01,106118.7,7440.85014327,BTC,alpha_vantage,2025-06-29 17:05:03.299936,btc,811764,6.54962301,347897,2025-06-29 17:05:04.117435,106492.433,106212.97323633892,51.57425307734732,1073.2270018143608,1281.394407099441,111032.5089514716,101952.35704852841,9080.15190294318
2025-06-14,106114.53,106264.36,104351.72,105465.42,2256.48458127,BTC,alpha_vantage,2025-06-29 17:05:03.299936,btc,631338,2.94854091,271851,2025-06-29 17:05:04.117435,106313.26999999999,106141.77769002093,49.8820447026516,895.308334804824,1204.1771926405177,110716.44652590566,101910.09347409432,8806.35305181134
2025-06-15,105465.42,106184.13,104505.05,105599.25,1722.80945227,BTC,alpha_vantage,2025-06-29 17:05:03.299936,btc,599893,2.68171862,281450,2025-06-29 17:05:04.117435,106120.0165,106090.10838620941,50.24222556929788,756.3863212240685,1114.619018357228,110285.9158685419,101954.1171314581,8331.798737083795
2025-06-16,105600.21,109000.0,104982.26,106853.38,5952.78379577,BTC,alpha_vantage,2025-06-29 17:05:03.299936,btc,722329,5.01013142,366746,2025-06-29 17:05:04.117435,106013.7625,106162.80092085613,53.60698236226206,738.9690590599639,1039.4890264977753,109986.54269211255,102040.98230788745,7945.5603842251
2025-06-17,106853.38,107792.9,103363.3,104590.44,7688.11861976,BTC,alpha_vantage,2025-06-29 17:05:03.299936,btc,712578,6.14533437,359926,2025-06-29 17:05:04.117435,105852.31999999999,106013.05226172697,47.38094635285451,536.3823259221535,938.867686382651,109780.66713445321,101923.97286554678,7856.694268906431
2025-06-18,104590.44,105603.63,103512.38,104915.6,4918.14382744,BTC,alpha_vantage,2025-06-29 17:05:03.299936,btc,751671,7.011965,434037,2025-06-29 17:05:04.117435,105819.47099999999,105908.53299870536,48.30992596073514,397.48659681508434,830.5914684691377,109767.56331904762,101871.37868095236,7896.184638095263
2025-06-19,104915.6,105266.61,103916.37,104671.9,2276.96928472,BTC,alpha_vantage,2025-06-29 17:05:03.299936,btc,716269,5.10770069,307561,2025-06-29 17:05:04.117435,105851.403,105790.75842740008,47.631194903346724,264.69493900395173,717.4121625761005,109751.22712961545,101951.57887038456,7799.648259230889
2025-06-20,104671.4,106553.86,102357.25,103317.8,5047.4378748,BTC,alpha_vantage,2025-06-29 17:05:03.299936,btc,778947,5.21503377,353689,2025-06-29 17:05:04.117435,105784.99949999999,105555.2385771715,43.93737788540272,49.62005110060272,583.853740281001,109807.95331680996,101762.04568319002,8045.907633619936
2025-06-21,103317.79,104013.64,100919.19,102160.03,3287.51327489,BTC,alpha_vantage,2025-06-29 17:05:03.299936,btc,658427,3.50608004,310017,2025-06-29 17:05:04.117435,105608.104,105231.88537934565,41.00904909345556,-211.80910667097487,424.7211708906059,109930.78305868374,101285.42494131628,8645.358117367461
2025-06-22,102160.36,103417.0,98225.01,100996.87,7872.25874446,BTC,alpha_vantage,2025-06-29 17:05:03.299936,btc,595271,2.74838076,264346,2025-06-29 17:05:04.117435,105362.7005,104828.55058131274,38.25083204246169,-507.00643419376865,238.375649873731,110125.02516464709,100600.37583535293,9524.64932929416
2025-06-23,100996.87,106135.47,99677.07,105419.39,8904.62439212,BTC,alpha_vantage,2025-06-29 17:05:03.299936,btc,691705,5.03361581,291899,2025-06-29 17:05:04.117435,105361.27900000001,104884.8210021401,51.58446522499053,-379.71492231910815,114.75753543516318,110123.51815851388,100599.03984148614,9524.478317027737
2025-06-24,105418.4,106366.29,104681.83,106141.0,5773.17199592,BTC,alpha_vantage,2025-06-29 17:05:03.299936,btc,757208,6.14348201,279722,2025-06-29 17:05:04.117435,105430.65999999999,105004.45709717438,53.354353807917875,-218.09353925698088,48.187320496734365,110195.88314681766,100665.43685318231,9530.446293635352
2025-06-25,106141.01,108206.0,105875.0,107400.22,7070.25049785,BTC,alpha_vantage,2025-06-29 17:05:03.299936,btc,748961,4.79018074,387334,2025-06-29 17:05:04.117435,105722.161,105232.62499268158,56.35283279766873,11.468895213445649,40.843635440076625,110212.44644119,101231.87555880999,8980.570882380009
2025-06-26,107400.22,108345.0,106605.88,107029.64,4898.17609801,BTC,alpha_vantage,2025-06-29 17:05:03.299936,btc,764181,7.61040348,506745,2025-06-29 17:05:04.117435,105853.74350000001,105403.76927909286,55.22767939283609,161.63286643427273,65.00148163891585,110335.33049857293,101372.15650142709,8963.173997145845
2025-06-27,107029.63,107804.2,106413.79,107113.38,6310.43492604,BTC,alpha_vantage,2025-06-29 17:05:03.299936,btc,731987,4.35101521,337361,2025-06-29 17:05:04.117435,105928.4615,105566.58934775068,55.444168575783536,284.12084540860087,108.82535439285286,110441.62100369782,101415.3019963022,9026.319007395621
2025-06-28,107119.17,107599.81,106868.94,107352.2,1227.76803255,BTC,alpha_vantage,2025-06-29 17:05:03.299936,btc,636115,3.84617314,389138,2025-06-29 17:05:04.117435,106006.85150000002,105736.64750510776,56.09617426170457,395.90053440092015,166.24039039446635,110561.55064017799,101452.15235982205,9109.398280355934
