asset,time,AdrActCnt,FeeTotNtv,TxCnt,download_timestamp
btc,2024-01-01 00:00:00+00:00,827239,212.54134993,655722,2025-06-29 16:50:53.838759
btc,2024-01-02 00:00:00+00:00,867688,139.99686991,364237,2025-06-29 16:50:53.838759
btc,2024-01-03 00:00:00+00:00,940343,146.47629682,502203,2025-06-29 16:50:53.838759
btc,2024-01-04 00:00:00+00:00,1010934,127.5893122,482718,2025-06-29 16:50:53.838759
btc,2024-01-05 00:00:00+00:00,813324,117.05381845,416347,2025-06-29 16:50:53.838759
btc,2024-01-06 00:00:00+00:00,808917,85.70416723,389306,2025-06-29 16:50:53.838759
btc,2024-01-07 00:00:00+00:00,713381,76.09066339,348435,2025-06-29 16:50:53.838759
btc,2024-01-08 00:00:00+00:00,756849,128.0165037,409400,2025-06-29 16:50:53.838759
btc,2024-01-09 00:00:00+00:00,902934,110.41254939,470829,2025-06-29 16:50:53.838759
btc,2024-01-10 00:00:00+00:00,839431,82.64575047,384427,2025-06-29 16:50:53.838759
btc,2024-01-11 00:00:00+00:00,960999,102.19403968,450822,2025-06-29 16:50:53.838759
btc,2024-01-12 00:00:00+00:00,987727,106.05743161,367870,2025-06-29 16:50:53.838759
btc,2024-01-13 00:00:00+00:00,845713,131.8837983,667027,2025-06-29 16:50:53.838759
btc,2024-01-14 00:00:00+00:00,722721,219.67908398,591106,2025-06-29 16:50:53.838759
btc,2024-01-15 00:00:00+00:00,786699,112.7937371,401054,2025-06-29 16:50:53.838759
btc,2024-01-16 00:00:00+00:00,782242,126.17373793,469892,2025-06-29 16:50:53.838759
btc,2024-01-17 00:00:00+00:00,809220,103.88545904,455050,2025-06-29 16:50:53.838759
btc,2024-01-18 00:00:00+00:00,897358,120.55348118,480795,2025-06-29 16:50:53.838759
btc,2024-01-19 00:00:00+00:00,806018,83.78486085,461325,2025-06-29 16:50:53.838759
btc,2024-01-20 00:00:00+00:00,817313,71.44540606,565601,2025-06-29 16:50:53.838759
btc,2024-01-21 00:00:00+00:00,767739,72.44586642,593968,2025-06-29 16:50:53.838759
btc,2024-01-22 00:00:00+00:00,951076,74.76848331,451204,2025-06-29 16:50:53.838759
btc,2024-01-23 00:00:00+00:00,865990,89.1242877,368563,2025-06-29 16:50:53.838759
btc,2024-01-24 00:00:00+00:00,899326,59.76162066,368789,2025-06-29 16:50:53.838759
btc,2024-01-25 00:00:00+00:00,1101397,64.07678258,347123,2025-06-29 16:50:53.838759
btc,2024-01-26 00:00:00+00:00,892906,55.07790175,496525,2025-06-29 16:50:53.838759
btc,2024-01-27 00:00:00+00:00,965883,58.15742689,603739,2025-06-29 16:50:53.838759
btc,2024-01-28 00:00:00+00:00,898096,56.24412183,629248,2025-06-29 16:50:53.838759
btc,2024-01-29 00:00:00+00:00,959589,55.39170629,580828,2025-06-29 16:50:53.838759
btc,2024-01-30 00:00:00+00:00,907924,51.42742245,524001,2025-06-29 16:50:53.838759
btc,2024-01-31 00:00:00+00:00,870798,50.31202889,437107,2025-06-29 16:50:53.838759
btc,2024-02-01 00:00:00+00:00,933880,56.57506216,410372,2025-06-29 16:50:53.838759
btc,2024-02-02 00:00:00+00:00,932903,66.0573781,432087,2025-06-29 16:50:53.838759
btc,2024-02-03 00:00:00+00:00,820828,179.6426965,515129,2025-06-29 16:50:53.838759
btc,2024-02-04 00:00:00+00:00,802004,96.51447226,331515,2025-06-29 16:50:53.838759
btc,2024-02-05 00:00:00+00:00,852467,64.6181784,281772,2025-06-29 16:50:53.838759
btc,2024-02-06 00:00:00+00:00,865722,52.45518052,280196,2025-06-29 16:50:53.838759
btc,2024-02-07 00:00:00+00:00,901234,73.47071811,425025,2025-06-29 16:50:53.838759
btc,2024-02-08 00:00:00+00:00,818130,53.1170405,287438,2025-06-29 16:50:53.838759
btc,2024-02-09 00:00:00+00:00,950564,53.96871698,330447,2025-06-29 16:50:53.838759
btc,2024-02-10 00:00:00+00:00,963958,41.20815866,406003,2025-06-29 16:50:53.838759
btc,2024-02-11 00:00:00+00:00,840255,28.29055111,323411,2025-06-29 16:50:53.838759
btc,2024-02-12 00:00:00+00:00,1013562,68.03312947,413637,2025-06-29 16:50:53.838759
btc,2024-02-13 00:00:00+00:00,843469,47.85561801,305214,2025-06-29 16:50:53.838759
btc,2024-02-14 00:00:00+00:00,803805,53.34423438,298455,2025-06-29 16:50:53.838759
btc,2024-02-15 00:00:00+00:00,892019,38.40744736,309299,2025-06-29 16:50:53.838759
btc,2024-02-16 00:00:00+00:00,836256,32.57596823,306995,2025-06-29 16:50:53.838759
btc,2024-02-17 00:00:00+00:00,850883,28.82609461,330435,2025-06-29 16:50:53.838759
btc,2024-02-18 00:00:00+00:00,748090,24.63543514,346126,2025-06-29 16:50:53.838759
btc,2024-02-19 00:00:00+00:00,867774,29.1540239,366190,2025-06-29 16:50:53.838759
btc,2024-02-20 00:00:00+00:00,866223,32.07407978,396745,2025-06-29 16:50:53.838759
btc,2024-02-21 00:00:00+00:00,821320,31.54219389,369350,2025-06-29 16:50:53.838759
btc,2024-02-22 00:00:00+00:00,855859,28.3018489,366922,2025-06-29 16:50:53.838759
btc,2024-02-23 00:00:00+00:00,938307,30.46340271,403218,2025-06-29 16:50:53.838759
btc,2024-02-24 00:00:00+00:00,819174,26.10222917,342157,2025-06-29 16:50:53.838759
btc,2024-02-25 00:00:00+00:00,894568,24.05579339,421219,2025-06-29 16:50:53.838759
btc,2024-02-26 00:00:00+00:00,887140,33.0921629,355313,2025-06-29 16:50:53.838759
btc,2024-02-27 00:00:00+00:00,917983,48.62101767,388230,2025-06-29 16:50:53.838759
btc,2024-02-28 00:00:00+00:00,1054242,60.83395661,415406,2025-06-29 16:50:53.838759
btc,2024-02-29 00:00:00+00:00,989364,74.63737446,407609,2025-06-29 16:50:53.838759
btc,2024-03-01 00:00:00+00:00,1058499,58.46513507,415081,2025-06-29 16:50:53.838759
btc,2024-03-02 00:00:00+00:00,843207,42.06457924,342086,2025-06-29 16:50:53.838759
btc,2024-03-03 00:00:00+00:00,868123,47.46206023,385135,2025-06-29 16:50:53.838759
btc,2024-03-04 00:00:00+00:00,889591,84.378542,358771,2025-06-29 16:50:53.838759
btc,2024-03-05 00:00:00+00:00,1163884,101.03408688,424703,2025-06-29 16:50:53.838759
btc,2024-03-06 00:00:00+00:00,922558,66.67707272,381467,2025-06-29 16:50:53.838759
btc,2024-03-07 00:00:00+00:00,1034779,52.0775472,437969,2025-06-29 16:50:53.838759
btc,2024-03-08 00:00:00+00:00,947450,47.73634254,424558,2025-06-29 16:50:53.838759
btc,2024-03-09 00:00:00+00:00,915625,40.77661246,362520,2025-06-29 16:50:53.838759
btc,2024-03-10 00:00:00+00:00,862638,36.33400092,363011,2025-06-29 16:50:53.838759
btc,2024-03-11 00:00:00+00:00,1150718,41.46573431,393001,2025-06-29 16:50:53.838759
btc,2024-03-12 00:00:00+00:00,1016389,38.34777079,344882,2025-06-29 16:50:53.838759
btc,2024-03-13 00:00:00+00:00,1093495,35.2733557,387845,2025-06-29 16:50:53.838759
btc,2024-03-14 00:00:00+00:00,1000634,34.48419108,330080,2025-06-29 16:50:53.838759
btc,2024-03-15 00:00:00+00:00,963220,37.00099633,311078,2025-06-29 16:50:53.838759
btc,2024-03-16 00:00:00+00:00,916345,37.64116141,355299,2025-06-29 16:50:53.838759
btc,2024-03-17 00:00:00+00:00,861558,25.29065756,365645,2025-06-29 16:50:53.838759
btc,2024-03-18 00:00:00+00:00,910571,42.62561643,417117,2025-06-29 16:50:53.838759
btc,2024-03-19 00:00:00+00:00,974102,45.63946834,459004,2025-06-29 16:50:53.838759
btc,2024-03-20 00:00:00+00:00,942142,32.95557912,360623,2025-06-29 16:50:53.838759
btc,2024-03-21 00:00:00+00:00,819742,38.64095953,328692,2025-06-29 16:50:53.838759
btc,2024-03-22 00:00:00+00:00,915500,37.52921992,347556,2025-06-29 16:50:53.838759
btc,2024-03-23 00:00:00+00:00,908728,23.77739181,315648,2025-06-29 16:50:53.838759
btc,2024-03-24 00:00:00+00:00,918817,21.25186473,331993,2025-06-29 16:50:53.838759
btc,2024-03-25 00:00:00+00:00,918815,28.33934579,320633,2025-06-29 16:50:53.838759
btc,2024-03-26 00:00:00+00:00,851577,31.73448011,313314,2025-06-29 16:50:53.838759
btc,2024-03-27 00:00:00+00:00,865580,30.07974471,358499,2025-06-29 16:50:53.838759
btc,2024-03-28 00:00:00+00:00,942681,30.48254828,433584,2025-06-29 16:50:53.838759
btc,2024-03-29 00:00:00+00:00,847610,29.19381658,451776,2025-06-29 16:50:53.838759
btc,2024-03-30 00:00:00+00:00,826192,29.62062953,486300,2025-06-29 16:50:53.838759
btc,2024-03-31 00:00:00+00:00,691124,28.42997282,315001,2025-06-29 16:50:53.838759
btc,2024-04-01 00:00:00+00:00,970510,27.14297447,330165,2025-06-29 16:50:53.838759
btc,2024-04-02 00:00:00+00:00,953501,22.22169146,358331,2025-06-29 16:50:53.838759
btc,2024-04-03 00:00:00+00:00,965290,27.90854939,369696,2025-06-29 16:50:53.838759
btc,2024-04-04 00:00:00+00:00,978380,23.07677565,324609,2025-06-29 16:50:53.838759
btc,2024-04-05 00:00:00+00:00,950040,20.47892648,346357,2025-06-29 16:50:53.838759
btc,2024-04-06 00:00:00+00:00,907389,17.93208872,433426,2025-06-29 16:50:53.838759
btc,2024-04-07 00:00:00+00:00,833045,21.56961081,526443,2025-06-29 16:50:53.838759
btc,2024-04-08 00:00:00+00:00,896193,34.00181329,454644,2025-06-29 16:50:53.838759
btc,2024-04-09 00:00:00+00:00,890535,46.69578897,450513,2025-06-29 16:50:53.838759
btc,2024-04-10 00:00:00+00:00,846297,71.20955424,538372,2025-06-29 16:50:53.838759
btc,2024-04-11 00:00:00+00:00,748021,109.2683687,479937,2025-06-29 16:50:53.838759
btc,2024-04-12 00:00:00+00:00,832502,153.45642058,441977,2025-06-29 16:50:53.838759
btc,2024-04-13 00:00:00+00:00,869723,107.18489341,510750,2025-06-29 16:50:53.838759
btc,2024-04-14 00:00:00+00:00,839158,72.98308634,468144,2025-06-29 16:50:53.838759
btc,2024-04-15 00:00:00+00:00,813736,157.47266193,503794,2025-06-29 16:50:53.838759
btc,2024-04-16 00:00:00+00:00,941086,92.75445493,453968,2025-06-29 16:50:53.838759
btc,2024-04-17 00:00:00+00:00,794595,121.85088432,385424,2025-06-29 16:50:53.838759
btc,2024-04-18 00:00:00+00:00,823945,107.17008007,416810,2025-06-29 16:50:53.838759
btc,2024-04-19 00:00:00+00:00,880733,179.87658691,398632,2025-06-29 16:50:53.838759
btc,2024-04-20 00:00:00+00:00,509709,1206.4665844,630654,2025-06-29 16:50:53.838759
btc,2024-04-21 00:00:00+00:00,565959,335.52917373,644793,2025-06-29 16:50:53.838759
btc,2024-04-22 00:00:00+00:00,659537,254.1083329,673406,2025-06-29 16:50:53.838759
btc,2024-04-23 00:00:00+00:00,547174,445.20827332,928131,2025-06-29 16:50:53.838759
btc,2024-04-24 00:00:00+00:00,835569,250.0755658,600768,2025-06-29 16:50:53.838759
btc,2024-04-25 00:00:00+00:00,818807,109.88507376,525222,2025-06-29 16:50:53.838759
btc,2024-04-26 00:00:00+00:00,847289,90.92221995,440854,2025-06-29 16:50:53.838759
btc,2024-04-27 00:00:00+00:00,856864,62.41209597,459297,2025-06-29 16:50:53.838759
btc,2024-04-28 00:00:00+00:00,707117,52.6358838,480244,2025-06-29 16:50:53.838759
btc,2024-04-29 00:00:00+00:00,856192,45.31174055,400991,2025-06-29 16:50:53.838759
btc,2024-04-30 00:00:00+00:00,827915,45.06205756,501881,2025-06-29 16:50:53.838759
btc,2024-05-01 00:00:00+00:00,781183,37.91687325,477225,2025-06-29 16:50:53.838759
btc,2024-05-02 00:00:00+00:00,744998,34.86927785,563418,2025-06-29 16:50:53.838759
btc,2024-05-03 00:00:00+00:00,731936,34.64122185,437975,2025-06-29 16:50:53.838759
btc,2024-05-04 00:00:00+00:00,613171,46.6176148,668343,2025-06-29 16:50:53.838759
btc,2024-05-05 00:00:00+00:00,573428,123.39594228,626139,2025-06-29 16:50:53.838759
btc,2024-05-06 00:00:00+00:00,670316,40.57671837,507965,2025-06-29 16:50:53.838759
btc,2024-05-07 00:00:00+00:00,702887,35.91638629,373579,2025-06-29 16:50:53.838759
btc,2024-05-08 00:00:00+00:00,697417,29.99070924,453934,2025-06-29 16:50:53.838759
btc,2024-05-09 00:00:00+00:00,671205,30.3355985,521126,2025-06-29 16:50:53.838759
btc,2024-05-10 00:00:00+00:00,606931,31.61827711,720578,2025-06-29 16:50:53.838759
btc,2024-05-11 00:00:00+00:00,612137,36.33618273,712455,2025-06-29 16:50:53.838759
btc,2024-05-12 00:00:00+00:00,573640,21.76650346,562310,2025-06-29 16:50:53.838759
btc,2024-05-13 00:00:00+00:00,746125,26.56727678,541770,2025-06-29 16:50:53.838759
btc,2024-05-14 00:00:00+00:00,686207,21.80349699,422749,2025-06-29 16:50:53.838759
btc,2024-05-15 00:00:00+00:00,714393,22.61964088,499145,2025-06-29 16:50:53.838759
btc,2024-05-16 00:00:00+00:00,689540,22.57077245,481822,2025-06-29 16:50:53.838759
btc,2024-05-17 00:00:00+00:00,743911,21.6140954,564502,2025-06-29 16:50:53.838759
btc,2024-05-18 00:00:00+00:00,650957,17.78384646,399736,2025-06-29 16:50:53.838759
btc,2024-05-19 00:00:00+00:00,637953,16.36852518,641786,2025-06-29 16:50:53.838759
btc,2024-05-20 00:00:00+00:00,706063,17.7672926,632582,2025-06-29 16:50:53.838759
btc,2024-05-21 00:00:00+00:00,746087,28.50070627,544407,2025-06-29 16:50:53.838759
btc,2024-05-22 00:00:00+00:00,709347,21.28417083,587003,2025-06-29 16:50:53.838759
btc,2024-05-23 00:00:00+00:00,728396,29.88985282,736406,2025-06-29 16:50:53.838759
btc,2024-05-24 00:00:00+00:00,663534,23.29662675,739561,2025-06-29 16:50:53.838759
btc,2024-05-25 00:00:00+00:00,591356,20.95915897,844733,2025-06-29 16:50:53.838759
btc,2024-05-26 00:00:00+00:00,538911,19.45922541,852881,2025-06-29 16:50:53.838759
btc,2024-05-27 00:00:00+00:00,612909,22.50732148,549315,2025-06-29 16:50:53.838759
btc,2024-05-28 00:00:00+00:00,653177,17.81071009,594169,2025-06-29 16:50:53.838759
btc,2024-05-29 00:00:00+00:00,559784,39.68926576,721240,2025-06-29 16:50:53.838759
btc,2024-05-30 00:00:00+00:00,649063,38.83301124,510008,2025-06-29 16:50:53.838759
btc,2024-05-31 00:00:00+00:00,656289,68.10439279,713689,2025-06-29 16:50:53.838759
btc,2024-06-01 00:00:00+00:00,570980,43.98748517,737521,2025-06-29 16:50:53.838759
btc,2024-06-02 00:00:00+00:00,536181,34.67564887,729457,2025-06-29 16:50:53.838759
btc,2024-06-03 00:00:00+00:00,689745,44.11314832,758731,2025-06-29 16:50:53.838759
btc,2024-06-04 00:00:00+00:00,637180,35.36014269,636795,2025-06-29 16:50:53.838759
btc,2024-06-05 00:00:00+00:00,592424,58.08407623,562197,2025-06-29 16:50:53.838759
btc,2024-06-06 00:00:00+00:00,624088,64.84076304,602842,2025-06-29 16:50:53.838759
btc,2024-06-07 00:00:00+00:00,583336,322.71243036,250713,2025-06-29 16:50:53.838759
btc,2024-06-08 00:00:00+00:00,772154,146.21708792,529506,2025-06-29 16:50:53.838759
btc,2024-06-09 00:00:00+00:00,609844,73.01393361,761292,2025-06-29 16:50:53.838759
btc,2024-06-10 00:00:00+00:00,684041,65.82128027,661124,2025-06-29 16:50:53.838759
btc,2024-06-11 00:00:00+00:00,684207,43.46025505,469892,2025-06-29 16:50:53.838759
btc,2024-06-12 00:00:00+00:00,677849,47.3618229,690905,2025-06-29 16:50:53.838759
btc,2024-06-13 00:00:00+00:00,613255,56.90466857,729876,2025-06-29 16:50:53.838759
btc,2024-06-14 00:00:00+00:00,606488,52.92308615,599059,2025-06-29 16:50:53.838759
btc,2024-06-15 00:00:00+00:00,635369,44.27193232,447381,2025-06-29 16:50:53.838759
btc,2024-06-16 00:00:00+00:00,735939,36.56667052,452652,2025-06-29 16:50:53.838759
btc,2024-06-17 00:00:00+00:00,724644,28.63720969,465013,2025-06-29 16:50:53.838759
btc,2024-06-18 00:00:00+00:00,733498,36.09319142,605888,2025-06-29 16:50:53.838759
btc,2024-06-19 00:00:00+00:00,622245,33.2733342,635236,2025-06-29 16:50:53.838759
btc,2024-06-20 00:00:00+00:00,661281,31.10704312,528366,2025-06-29 16:50:53.838759
btc,2024-06-21 00:00:00+00:00,719280,27.57973752,592761,2025-06-29 16:50:53.838759
btc,2024-06-22 00:00:00+00:00,639305,20.79966679,681231,2025-06-29 16:50:53.838759
btc,2024-06-23 00:00:00+00:00,511478,14.6153336,497676,2025-06-29 16:50:53.838759
btc,2024-06-24 00:00:00+00:00,756391,19.66337788,525488,2025-06-29 16:50:53.838759
btc,2024-06-25 00:00:00+00:00,631668,24.0234603,550745,2025-06-29 16:50:53.838759
btc,2024-06-26 00:00:00+00:00,659381,19.26881426,465408,2025-06-29 16:50:53.838759
btc,2024-06-27 00:00:00+00:00,741302,18.42543764,427935,2025-06-29 16:50:53.838759
btc,2024-06-28 00:00:00+00:00,752964,17.89385748,595003,2025-06-29 16:50:53.838759
btc,2024-06-29 00:00:00+00:00,720705,16.03949068,703622,2025-06-29 16:50:53.838759
btc,2024-06-30 00:00:00+00:00,653363,13.47568084,518698,2025-06-29 16:50:53.838759
btc,2024-07-01 00:00:00+00:00,907181,18.49026197,596143,2025-06-29 16:50:53.838759
btc,2024-07-02 00:00:00+00:00,750376,18.00587384,608523,2025-06-29 16:50:53.838759
btc,2024-07-03 00:00:00+00:00,769767,15.19477075,536681,2025-06-29 16:50:53.838759
btc,2024-07-04 00:00:00+00:00,715636,16.9184077,535655,2025-06-29 16:50:53.838759
btc,2024-07-05 00:00:00+00:00,694964,14.77085672,493163,2025-06-29 16:50:53.838759
btc,2024-07-06 00:00:00+00:00,720587,15.35289765,656568,2025-06-29 16:50:53.838759
btc,2024-07-07 00:00:00+00:00,594423,12.69506688,684693,2025-06-29 16:50:53.838759
btc,2024-07-08 00:00:00+00:00,798942,14.37429054,586774,2025-06-29 16:50:53.838759
btc,2024-07-09 00:00:00+00:00,762581,13.30599968,644607,2025-06-29 16:50:53.838759
btc,2024-07-10 00:00:00+00:00,646708,16.23558048,632748,2025-06-29 16:50:53.838759
btc,2024-07-11 00:00:00+00:00,646553,12.19231647,646591,2025-06-29 16:50:53.838759
btc,2024-07-12 00:00:00+00:00,708446,12.34355143,659272,2025-06-29 16:50:53.838759
btc,2024-07-13 00:00:00+00:00,601071,19.58933961,733907,2025-06-29 16:50:53.838759
btc,2024-07-14 00:00:00+00:00,751254,13.01942202,588547,2025-06-29 16:50:53.838759
btc,2024-07-15 00:00:00+00:00,787506,13.33311612,544485,2025-06-29 16:50:53.838759
btc,2024-07-16 00:00:00+00:00,746639,12.20790622,536502,2025-06-29 16:50:53.838759
btc,2024-07-17 00:00:00+00:00,729938,14.03700729,617766,2025-06-29 16:50:53.838759
btc,2024-07-18 00:00:00+00:00,764574,10.04544397,435804,2025-06-29 16:50:53.838759
btc,2024-07-19 00:00:00+00:00,755308,12.22929051,507835,2025-06-29 16:50:53.838759
btc,2024-07-20 00:00:00+00:00,673407,9.98442967,696460,2025-06-29 16:50:53.838759
btc,2024-07-21 00:00:00+00:00,607493,10.36967833,858284,2025-06-29 16:50:53.838759
btc,2024-07-22 00:00:00+00:00,749350,13.21311422,827992,2025-06-29 16:50:53.838759
btc,2024-07-23 00:00:00+00:00,671794,11.31611274,827733,2025-06-29 16:50:53.838759
btc,2024-07-24 00:00:00+00:00,681137,10.18503466,601149,2025-06-29 16:50:53.838759
btc,2024-07-25 00:00:00+00:00,713877,10.72105675,708129,2025-06-29 16:50:53.838759
btc,2024-07-26 00:00:00+00:00,715636,10.48366546,458448,2025-06-29 16:50:53.838759
btc,2024-07-27 00:00:00+00:00,694649,10.11460275,454253,2025-06-29 16:50:53.838759
btc,2024-07-28 00:00:00+00:00,578686,8.1296834,756828,2025-06-29 16:50:53.838759
btc,2024-07-29 00:00:00+00:00,794379,10.87533798,821955,2025-06-29 16:50:53.838759
btc,2024-07-30 00:00:00+00:00,673555,9.78754169,670957,2025-06-29 16:50:53.838759
btc,2024-07-31 00:00:00+00:00,740485,10.54679916,578053,2025-06-29 16:50:53.838759
btc,2024-08-01 00:00:00+00:00,772675,9.41985937,532152,2025-06-29 16:50:53.838759
btc,2024-08-02 00:00:00+00:00,764749,8.9817149,410307,2025-06-29 16:50:53.838759
btc,2024-08-03 00:00:00+00:00,692352,8.04342189,502369,2025-06-29 16:50:53.838759
btc,2024-08-04 00:00:00+00:00,668340,7.22564665,526479,2025-06-29 16:50:53.838759
btc,2024-08-05 00:00:00+00:00,817104,9.5054762,550851,2025-06-29 16:50:53.838759
btc,2024-08-06 00:00:00+00:00,729981,7.99507133,483465,2025-06-29 16:50:53.838759
btc,2024-08-07 00:00:00+00:00,714826,7.81753066,381999,2025-06-29 16:50:53.838759
btc,2024-08-08 00:00:00+00:00,722252,9.17395476,485878,2025-06-29 16:50:53.838759
btc,2024-08-09 00:00:00+00:00,705635,8.70616098,394215,2025-06-29 16:50:53.838759
btc,2024-08-10 00:00:00+00:00,594175,6.46378844,556497,2025-06-29 16:50:53.838759
btc,2024-08-11 00:00:00+00:00,630696,6.58820174,641944,2025-06-29 16:50:53.838759
btc,2024-08-12 00:00:00+00:00,714520,8.37945558,442326,2025-06-29 16:50:53.838759
btc,2024-08-13 00:00:00+00:00,706882,8.01615877,582647,2025-06-29 16:50:53.838759
btc,2024-08-14 00:00:00+00:00,662757,7.93335583,510189,2025-06-29 16:50:53.838759
btc,2024-08-15 00:00:00+00:00,715632,8.62865215,658114,2025-06-29 16:50:53.838759
btc,2024-08-16 00:00:00+00:00,700335,8.79411815,581170,2025-06-29 16:50:53.838759
btc,2024-08-17 00:00:00+00:00,612305,7.26972032,706066,2025-06-29 16:50:53.838759
btc,2024-08-18 00:00:00+00:00,588717,7.38767581,758170,2025-06-29 16:50:53.838759
btc,2024-08-19 00:00:00+00:00,687027,9.13703766,560243,2025-06-29 16:50:53.838759
btc,2024-08-20 00:00:00+00:00,696903,9.64437192,715687,2025-06-29 16:50:53.838759
btc,2024-08-21 00:00:00+00:00,711700,8.53354842,684872,2025-06-29 16:50:53.838759
btc,2024-08-22 00:00:00+00:00,719227,100.34522908,797502,2025-06-29 16:50:53.838759
btc,2024-08-23 00:00:00+00:00,694990,9.65522128,799006,2025-06-29 16:50:53.838759
btc,2024-08-24 00:00:00+00:00,611271,7.43903817,797698,2025-06-29 16:50:53.838759
btc,2024-08-25 00:00:00+00:00,539499,7.10675825,703385,2025-06-29 16:50:53.838759
btc,2024-08-26 00:00:00+00:00,656542,8.41735831,606871,2025-06-29 16:50:53.838759
btc,2024-08-27 00:00:00+00:00,685194,7.7773379,676465,2025-06-29 16:50:53.838759
btc,2024-08-28 00:00:00+00:00,740845,7.74423375,721912,2025-06-29 16:50:53.838759
btc,2024-08-29 00:00:00+00:00,723280,8.19689202,525910,2025-06-29 16:50:53.838759
btc,2024-08-30 00:00:00+00:00,826297,7.9546598,548197,2025-06-29 16:50:53.838759
btc,2024-08-31 00:00:00+00:00,670825,6.4177164,695519,2025-06-29 16:50:53.838759
btc,2024-09-01 00:00:00+00:00,660770,6.3825282,656333,2025-06-29 16:50:53.838759
btc,2024-09-02 00:00:00+00:00,717673,7.69021658,739986,2025-06-29 16:50:53.838759
btc,2024-09-03 00:00:00+00:00,699302,8.42822766,592324,2025-06-29 16:50:53.838759
btc,2024-09-04 00:00:00+00:00,699461,7.74885958,728756,2025-06-29 16:50:53.838759
btc,2024-09-05 00:00:00+00:00,734546,10.81990512,714387,2025-06-29 16:50:53.838759
btc,2024-09-06 00:00:00+00:00,726287,7.59197643,665444,2025-06-29 16:50:53.838759
btc,2024-09-07 00:00:00+00:00,606660,6.46683071,794571,2025-06-29 16:50:53.838759
btc,2024-09-08 00:00:00+00:00,596940,6.33151484,906655,2025-06-29 16:50:53.838759
btc,2024-09-09 00:00:00+00:00,736827,6.91182253,570838,2025-06-29 16:50:53.838759
btc,2024-09-10 00:00:00+00:00,733172,7.09570672,556413,2025-06-29 16:50:53.838759
btc,2024-09-11 00:00:00+00:00,662704,6.59198231,408991,2025-06-29 16:50:53.838759
btc,2024-09-12 00:00:00+00:00,775748,8.30613518,561823,2025-06-29 16:50:53.838759
btc,2024-09-13 00:00:00+00:00,794367,7.52913494,422965,2025-06-29 16:50:53.838759
btc,2024-09-14 00:00:00+00:00,688474,6.77228776,637192,2025-06-29 16:50:53.838759
btc,2024-09-15 00:00:00+00:00,643849,6.03449901,730022,2025-06-29 16:50:53.838759
btc,2024-09-16 00:00:00+00:00,746172,6.69885955,486773,2025-06-29 16:50:53.838759
btc,2024-09-17 00:00:00+00:00,732953,8.05436086,551806,2025-06-29 16:50:53.838759
btc,2024-09-18 00:00:00+00:00,720313,7.11434967,535050,2025-06-29 16:50:53.838759
btc,2024-09-19 00:00:00+00:00,746741,10.00384875,449403,2025-06-29 16:50:53.838759
btc,2024-09-20 00:00:00+00:00,822445,9.57190122,524801,2025-06-29 16:50:53.838759
btc,2024-09-21 00:00:00+00:00,665209,5.89529395,564640,2025-06-29 16:50:53.838759
btc,2024-09-22 00:00:00+00:00,595289,5.26931683,629903,2025-06-29 16:50:53.838759
btc,2024-09-23 00:00:00+00:00,796781,7.83739591,573531,2025-06-29 16:50:53.838759
btc,2024-09-24 00:00:00+00:00,749184,6.91630544,531570,2025-06-29 16:50:53.838759
btc,2024-09-25 00:00:00+00:00,713234,6.62531601,504605,2025-06-29 16:50:53.838759
btc,2024-09-26 00:00:00+00:00,721855,8.76025312,483781,2025-06-29 16:50:53.838759
btc,2024-09-27 00:00:00+00:00,751618,10.96442965,434448,2025-06-29 16:50:53.838759
btc,2024-09-28 00:00:00+00:00,649697,9.9366052,521838,2025-06-29 16:50:53.838759
btc,2024-09-29 00:00:00+00:00,680061,7.51745261,685081,2025-06-29 16:50:53.838759
btc,2024-09-30 00:00:00+00:00,732082,7.39176461,593815,2025-06-29 16:50:53.838759
btc,2024-10-01 00:00:00+00:00,863700,7.89629034,624352,2025-06-29 16:50:53.838759
btc,2024-10-02 00:00:00+00:00,711643,6.8074531,599545,2025-06-29 16:50:53.838759
btc,2024-10-03 00:00:00+00:00,737116,7.60769711,574536,2025-06-29 16:50:53.838759
btc,2024-10-04 00:00:00+00:00,784413,7.36742345,571667,2025-06-29 16:50:53.838759
btc,2024-10-05 00:00:00+00:00,608641,11.98735357,759113,2025-06-29 16:50:53.838759
btc,2024-10-06 00:00:00+00:00,610738,9.89011969,744069,2025-06-29 16:50:53.838759
btc,2024-10-07 00:00:00+00:00,719501,15.187683,717392,2025-06-29 16:50:53.838759
btc,2024-10-08 00:00:00+00:00,822783,14.45446138,711462,2025-06-29 16:50:53.838759
btc,2024-10-09 00:00:00+00:00,668278,15.04769008,534258,2025-06-29 16:50:53.838759
btc,2024-10-10 00:00:00+00:00,679738,25.35958928,759342,2025-06-29 16:50:53.838759
btc,2024-10-11 00:00:00+00:00,718986,45.73079814,631180,2025-06-29 16:50:53.838759
btc,2024-10-12 00:00:00+00:00,606243,44.38733295,732389,2025-06-29 16:50:53.838759
btc,2024-10-13 00:00:00+00:00,609844,24.42843919,643752,2025-06-29 16:50:53.838759
btc,2024-10-14 00:00:00+00:00,722649,25.83263721,609666,2025-06-29 16:50:53.838759
btc,2024-10-15 00:00:00+00:00,787245,25.75104629,648296,2025-06-29 16:50:53.838759
btc,2024-10-16 00:00:00+00:00,614677,61.92289461,722995,2025-06-29 16:50:53.838759
btc,2024-10-17 00:00:00+00:00,765780,50.32160159,637858,2025-06-29 16:50:53.838759
btc,2024-10-18 00:00:00+00:00,723986,24.71878877,471530,2025-06-29 16:50:53.838759
btc,2024-10-19 00:00:00+00:00,685573,15.38628622,738236,2025-06-29 16:50:53.838759
btc,2024-10-20 00:00:00+00:00,688498,13.55162116,785369,2025-06-29 16:50:53.838759
btc,2024-10-21 00:00:00+00:00,717571,18.03407499,837363,2025-06-29 16:50:53.838759
btc,2024-10-22 00:00:00+00:00,639877,25.73374623,696851,2025-06-29 16:50:53.838759
btc,2024-10-23 00:00:00+00:00,740774,23.72766322,655119,2025-06-29 16:50:53.838759
btc,2024-10-24 00:00:00+00:00,656927,49.28574683,700022,2025-06-29 16:50:53.838759
btc,2024-10-25 00:00:00+00:00,859095,34.73362813,503588,2025-06-29 16:50:53.838759
btc,2024-10-26 00:00:00+00:00,727063,10.27423282,603956,2025-06-29 16:50:53.838759
btc,2024-10-27 00:00:00+00:00,654362,8.21010153,695610,2025-06-29 16:50:53.838759
btc,2024-10-28 00:00:00+00:00,756668,7.43238722,713082,2025-06-29 16:50:53.838759
btc,2024-10-29 00:00:00+00:00,831182,11.48863344,617786,2025-06-29 16:50:53.838759
btc,2024-10-30 00:00:00+00:00,794409,9.51950036,674680,2025-06-29 16:50:53.838759
btc,2024-10-31 00:00:00+00:00,789382,65.59262752,562286,2025-06-29 16:50:53.838759
btc,2024-11-01 00:00:00+00:00,819093,8.45088325,547824,2025-06-29 16:50:53.838759
btc,2024-11-02 00:00:00+00:00,690705,6.98802368,540251,2025-06-29 16:50:53.838759
btc,2024-11-03 00:00:00+00:00,627617,5.25744622,455287,2025-06-29 16:50:53.838759
btc,2024-11-04 00:00:00+00:00,811710,6.53551271,462249,2025-06-29 16:50:53.838759
btc,2024-11-05 00:00:00+00:00,768957,6.32291368,457869,2025-06-29 16:50:53.838759
btc,2024-11-06 00:00:00+00:00,894241,8.31425928,500965,2025-06-29 16:50:53.838759
btc,2024-11-07 00:00:00+00:00,792482,6.82760192,567009,2025-06-29 16:50:53.838759
btc,2024-11-08 00:00:00+00:00,848426,7.83022716,481877,2025-06-29 16:50:53.838759
btc,2024-11-09 00:00:00+00:00,654475,13.58884107,587132,2025-06-29 16:50:53.838759
btc,2024-11-10 00:00:00+00:00,793243,10.40340315,553582,2025-06-29 16:50:53.838759
btc,2024-11-11 00:00:00+00:00,941403,16.33887419,461089,2025-06-29 16:50:53.838759
btc,2024-11-12 00:00:00+00:00,1007782,19.53908127,502742,2025-06-29 16:50:53.838759
btc,2024-11-13 00:00:00+00:00,859128,22.97549117,570985,2025-06-29 16:50:53.838759
btc,2024-11-14 00:00:00+00:00,839766,24.82924316,503550,2025-06-29 16:50:53.838759
btc,2024-11-15 00:00:00+00:00,886479,41.00771635,559376,2025-06-29 16:50:53.838759
btc,2024-11-16 00:00:00+00:00,802492,17.77681763,608007,2025-06-29 16:50:53.838759
btc,2024-11-17 00:00:00+00:00,717710,9.62792329,598836,2025-06-29 16:50:53.838759
btc,2024-11-18 00:00:00+00:00,796834,17.43262085,676948,2025-06-29 16:50:53.838759
btc,2024-11-19 00:00:00+00:00,757888,25.38338346,815851,2025-06-29 16:50:53.838759
btc,2024-11-20 00:00:00+00:00,750264,21.83644136,669311,2025-06-29 16:50:53.838759
btc,2024-11-21 00:00:00+00:00,977195,21.35338055,480041,2025-06-29 16:50:53.838759
btc,2024-11-22 00:00:00+00:00,902930,19.41600607,539627,2025-06-29 16:50:53.838759
btc,2024-11-23 00:00:00+00:00,877099,13.33536165,451335,2025-06-29 16:50:53.838759
btc,2024-11-24 00:00:00+00:00,790852,9.16009539,463815,2025-06-29 16:50:53.838759
btc,2024-11-25 00:00:00+00:00,956417,11.6169858,598037,2025-06-29 16:50:53.838759
btc,2024-11-26 00:00:00+00:00,790710,17.23152108,475347,2025-06-29 16:50:53.838759
btc,2024-11-27 00:00:00+00:00,800136,9.91088139,462955,2025-06-29 16:50:53.838759
btc,2024-11-28 00:00:00+00:00,754947,13.9498591,523444,2025-06-29 16:50:53.838759
btc,2024-11-29 00:00:00+00:00,767132,13.01648571,348672,2025-06-29 16:50:53.838759
btc,2024-11-30 00:00:00+00:00,828664,9.98037754,633055,2025-06-29 16:50:53.838759
btc,2024-12-01 00:00:00+00:00,739652,21.31730326,698852,2025-06-29 16:50:53.838759
btc,2024-12-02 00:00:00+00:00,925715,18.29973793,310261,2025-06-29 16:50:53.838759
btc,2024-12-03 00:00:00+00:00,918415,15.34214632,437755,2025-06-29 16:50:53.838759
btc,2024-12-04 00:00:00+00:00,887569,11.7681086,503460,2025-06-29 16:50:53.838759
btc,2024-12-05 00:00:00+00:00,968792,14.40977231,509543,2025-06-29 16:50:53.838759
btc,2024-12-06 00:00:00+00:00,872253,15.45416475,433339,2025-06-29 16:50:53.838759
btc,2024-12-07 00:00:00+00:00,798958,17.9532308,443750,2025-06-29 16:50:53.838759
btc,2024-12-08 00:00:00+00:00,851865,15.19391832,419481,2025-06-29 16:50:53.838759
btc,2024-12-09 00:00:00+00:00,915304,15.76046721,401306,2025-06-29 16:50:53.838759
btc,2024-12-10 00:00:00+00:00,985635,16.08278745,441945,2025-06-29 16:50:53.838759
btc,2024-12-11 00:00:00+00:00,858578,19.09109099,482129,2025-06-29 16:50:53.838759
btc,2024-12-12 00:00:00+00:00,883811,19.3308715,471573,2025-06-29 16:50:53.838759
btc,2024-12-13 00:00:00+00:00,936834,14.55124844,527292,2025-06-29 16:50:53.838759
btc,2024-12-14 00:00:00+00:00,774578,11.9293312,523313,2025-06-29 16:50:53.838759
btc,2024-12-15 00:00:00+00:00,789756,9.47781511,370567,2025-06-29 16:50:53.838759
btc,2024-12-16 00:00:00+00:00,952348,12.42637813,412496,2025-06-29 16:50:53.838759
btc,2024-12-17 00:00:00+00:00,829977,12.68251366,417545,2025-06-29 16:50:53.838759
btc,2024-12-18 00:00:00+00:00,890898,13.44800318,415402,2025-06-29 16:50:53.838759
btc,2024-12-19 00:00:00+00:00,861604,22.52973589,437556,2025-06-29 16:50:53.838759
btc,2024-12-20 00:00:00+00:00,882836,15.103959,391262,2025-06-29 16:50:53.838759
btc,2024-12-21 00:00:00+00:00,744752,10.67149899,334464,2025-06-29 16:50:53.838759
btc,2024-12-22 00:00:00+00:00,758970,8.23399629,332182,2025-06-29 16:50:53.838759
btc,2024-12-23 00:00:00+00:00,804969,11.00316454,298335,2025-06-29 16:50:53.838759
btc,2024-12-24 00:00:00+00:00,763920,9.51769171,323103,2025-06-29 16:50:53.838759
btc,2024-12-25 00:00:00+00:00,702219,7.64520668,407080,2025-06-29 16:50:53.838759
btc,2024-12-26 00:00:00+00:00,739743,7.73055662,298230,2025-06-29 16:50:53.838759
btc,2024-12-27 00:00:00+00:00,846364,6.83222029,348548,2025-06-29 16:50:53.838759
btc,2024-12-28 00:00:00+00:00,704798,5.5634798,291855,2025-06-29 16:50:53.838759
btc,2024-12-29 00:00:00+00:00,727603,6.67212669,432661,2025-06-29 16:50:53.838759
btc,2024-12-30 00:00:00+00:00,812462,6.88225012,362074,2025-06-29 16:50:53.838759
btc,2024-12-31 00:00:00+00:00,780332,6.05174448,315699,2025-06-29 16:50:53.838759
